miss_id,miss_char,miss_count,created_at,updated_at,user_id
4,y,2,2025-03-27 02:20:21.826494+00,2025-03-27 02:20:21.826503+00,ab2d5d1d-c013-4486-8313-a96500b7b6b7
6,m,1,2025-03-27 02:20:21.829156+00,2025-03-27 02:20:21.829164+00,ab2d5d1d-c013-4486-8313-a96500b7b6b7
10,e,1,2025-03-27 02:20:21.834455+00,2025-03-27 02:20:21.834464+00,ab2d5d1d-c013-4486-8313-a96500b7b6b7
74,l,47,2025-04-02 01:34:06.45692+00,2025-06-09 04:17:31.811542+00,9f27d136-09de-407f-b405-7120b2d55daa
407,l,3,2025-04-07 03:41:08.65921+00,2025-05-27 09:29:48.178224+00,6bdcd97d-6502-462a-84f1-b5d3afefa313
105,r,378,2025-04-02 01:34:13.39121+00,2025-06-12 10:41:33.744127+00,683c0b43-1d2d-4e5a-b3ee-00de940a021c
45,i,286,2025-04-02 01:34:05.956778+00,2025-06-13 01:17:25.625432+00,99f7fcb9-8b5e-4cdd-a371-35d9c2a8a200
107,s,359,2025-04-02 01:34:13.393836+00,2025-06-12 10:41:33.745436+00,683c0b43-1d2d-4e5a-b3ee-00de940a021c
91,m,45,2025-04-02 01:34:09.282694+00,2025-06-11 06:01:53.33924+00,eb06d3ea-4a70-462c-9f56-d5e1979eb96f
13,i,1490,2025-04-02 01:34:00.542848+00,2025-06-12 06:44:37.582067+00,29a91abd-7963-46c8-96ff-3a074cf2d6f5
51,t,182,2025-04-02 01:34:05.965085+00,2025-06-13 01:17:25.627102+00,99f7fcb9-8b5e-4cdd-a371-35d9c2a8a200
354,u,13,2025-04-04 00:12:59.862994+00,2025-04-09 00:12:18.734786+00,8c011ea6-b400-49f2-9db5-2c8ed2b5c3d2
49,n,241,2025-04-02 01:34:05.962204+00,2025-06-13 01:17:25.628424+00,99f7fcb9-8b5e-4cdd-a371-35d9c2a8a200
50,a,466,2025-04-02 01:34:05.963538+00,2025-06-13 01:17:25.629785+00,99f7fcb9-8b5e-4cdd-a371-35d9c2a8a200
46,m,65,2025-04-02 01:34:05.958169+00,2025-06-11 06:19:19.383247+00,99f7fcb9-8b5e-4cdd-a371-35d9c2a8a200
87,m,73,2025-04-02 01:34:08.651135+00,2025-06-13 00:41:41.493437+00,ed7db178-e6d4-4007-8bbe-cd6781641ae6
37,n,33,2025-04-02 01:34:02.724565+00,2025-04-09 08:02:57.291519+00,318b4c0b-52f5-43c0-ad13-b41e1baf03c9
47,e,254,2025-04-02 01:34:05.959512+00,2025-06-13 01:17:25.632395+00,99f7fcb9-8b5e-4cdd-a371-35d9c2a8a200
391,r,57,2025-04-04 08:01:18.476312+00,2025-06-13 00:55:14.381663+00,eb06d3ea-4a70-462c-9f56-d5e1979eb96f
97,z,23,2025-04-02 01:34:09.291868+00,2025-06-13 00:55:14.383114+00,eb06d3ea-4a70-462c-9f56-d5e1979eb96f
411,f,27,2025-04-07 07:22:17.211293+00,2025-06-13 00:41:41.496065+00,ed7db178-e6d4-4007-8bbe-cd6781641ae6
93,u,92,2025-04-02 01:34:09.285624+00,2025-06-13 00:58:53.653307+00,eb06d3ea-4a70-462c-9f56-d5e1979eb96f
239,w,121,2025-04-02 01:40:56.712309+00,2025-06-12 09:56:27.275581+00,327e4006-267d-40b0-88bb-2c4e84cefcad
106,t,381,2025-04-02 01:34:13.392529+00,2025-06-12 10:41:33.746739+00,683c0b43-1d2d-4e5a-b3ee-00de940a021c
96,w,14,2025-04-02 01:34:09.290525+00,2025-06-12 00:59:29.270156+00,eb06d3ea-4a70-462c-9f56-d5e1979eb96f
86,b,36,2025-04-02 01:34:08.649786+00,2025-06-12 00:17:15.709696+00,ed7db178-e6d4-4007-8bbe-cd6781641ae6
53,r,233,2025-04-02 01:34:05.967761+00,2025-06-13 01:17:25.633676+00,99f7fcb9-8b5e-4cdd-a371-35d9c2a8a200
89,t,65,2025-04-02 01:34:09.279447+00,2025-06-13 00:58:53.655013+00,eb06d3ea-4a70-462c-9f56-d5e1979eb96f
392,g,31,2025-04-04 08:01:18.486862+00,2025-06-12 00:59:29.274128+00,eb06d3ea-4a70-462c-9f56-d5e1979eb96f
94,y,46,2025-04-02 01:34:09.287093+00,2025-06-13 00:58:53.657631+00,eb06d3ea-4a70-462c-9f56-d5e1979eb96f
69,e,337,2025-04-02 01:34:06.450217+00,2025-06-12 07:23:10.310517+00,9f27d136-09de-407f-b405-7120b2d55daa
56,j,37,2025-04-02 01:34:05.971814+00,2025-06-13 00:38:51.991707+00,99f7fcb9-8b5e-4cdd-a371-35d9c2a8a200
102,a,529,2025-04-02 01:34:13.387069+00,2025-06-12 10:41:33.741019+00,683c0b43-1d2d-4e5a-b3ee-00de940a021c
31,t,36,2025-04-02 01:34:02.716546+00,2025-04-08 07:50:04.044828+00,318b4c0b-52f5-43c0-ad13-b41e1baf03c9
90,i,125,2025-04-02 01:34:09.281311+00,2025-06-13 00:58:53.661499+00,eb06d3ea-4a70-462c-9f56-d5e1979eb96f
63,a,496,2025-04-02 01:34:06.442149+00,2025-06-12 07:23:10.312156+00,9f27d136-09de-407f-b405-7120b2d55daa
95,o,117,2025-04-02 01:34:09.28918+00,2025-06-13 00:58:53.664099+00,eb06d3ea-4a70-462c-9f56-d5e1979eb96f
92,n,87,2025-04-02 01:34:09.284042+00,2025-06-13 00:58:53.665372+00,eb06d3ea-4a70-462c-9f56-d5e1979eb96f
73,t,261,2025-04-02 01:34:06.455574+00,2025-06-12 07:23:10.315068+00,9f27d136-09de-407f-b405-7120b2d55daa
52,o,395,2025-04-02 01:34:05.966424+00,2025-06-13 01:17:25.63505+00,99f7fcb9-8b5e-4cdd-a371-35d9c2a8a200
59,w,68,2025-04-02 01:34:05.97584+00,2025-06-13 01:17:25.63635+00,99f7fcb9-8b5e-4cdd-a371-35d9c2a8a200
61,i,304,2025-04-02 01:34:06.439447+00,2025-06-12 07:23:10.3164+00,9f27d136-09de-407f-b405-7120b2d55daa
23,x,705,2025-04-02 01:34:00.556436+00,2025-06-12 06:44:37.583412+00,29a91abd-7963-46c8-96ff-3a074cf2d6f5
34,e,23,2025-04-02 01:34:02.720536+00,2025-04-08 07:50:04.088792+00,318b4c0b-52f5-43c0-ad13-b41e1baf03c9
54,g,61,2025-04-02 01:34:05.969116+00,2025-06-13 00:44:05.253028+00,99f7fcb9-8b5e-4cdd-a371-35d9c2a8a200
387,z,17,2025-04-04 07:55:13.128235+00,2025-06-11 08:14:51.098042+00,99f7fcb9-8b5e-4cdd-a371-35d9c2a8a200
55,d,74,2025-04-02 01:34:05.970484+00,2025-06-11 08:11:41.350503+00,99f7fcb9-8b5e-4cdd-a371-35d9c2a8a200
33,m,8,2025-04-02 01:34:02.719216+00,2025-04-09 08:02:57.284343+00,318b4c0b-52f5-43c0-ad13-b41e1baf03c9
66,h,153,2025-04-02 01:34:06.446172+00,2025-06-12 07:23:10.317696+00,9f27d136-09de-407f-b405-7120b2d55daa
104,e,469,2025-04-02 01:34:13.389882+00,2025-06-12 10:41:33.751962+00,683c0b43-1d2d-4e5a-b3ee-00de940a021c
24,s,665,2025-04-02 01:34:00.557778+00,2025-06-12 06:44:37.586024+00,29a91abd-7963-46c8-96ff-3a074cf2d6f5
101,i,529,2025-04-02 01:34:13.385725+00,2025-06-12 10:41:33.753276+00,683c0b43-1d2d-4e5a-b3ee-00de940a021c
99,n,472,2025-04-02 01:34:13.383003+00,2025-06-12 10:41:33.754577+00,683c0b43-1d2d-4e5a-b3ee-00de940a021c
68,s,249,2025-04-02 01:34:06.448857+00,2025-06-12 07:23:10.318989+00,9f27d136-09de-407f-b405-7120b2d55daa
67,n,410,2025-04-02 01:34:06.44752+00,2025-06-12 07:23:10.32035+00,9f27d136-09de-407f-b405-7120b2d55daa
28,w,166,2025-04-02 01:34:00.563191+00,2025-06-12 05:43:10.728533+00,29a91abd-7963-46c8-96ff-3a074cf2d6f5
30,i,67,2025-04-02 01:34:02.715196+00,2025-04-09 08:02:57.286169+00,318b4c0b-52f5-43c0-ad13-b41e1baf03c9
57,h,111,2025-04-02 01:34:05.973169+00,2025-06-13 00:44:05.254319+00,99f7fcb9-8b5e-4cdd-a371-35d9c2a8a200
44,y,130,2025-04-02 01:34:05.954973+00,2025-06-13 00:44:05.255657+00,99f7fcb9-8b5e-4cdd-a371-35d9c2a8a200
64,o,436,2025-04-02 01:34:06.443488+00,2025-06-12 07:23:10.322955+00,9f27d136-09de-407f-b405-7120b2d55daa
98,o,496,2025-04-02 01:34:13.38111+00,2025-06-12 10:41:33.75587+00,683c0b43-1d2d-4e5a-b3ee-00de940a021c
9,a,7,2025-03-27 02:20:21.83313+00,2025-04-03 10:23:33.747883+00,ab2d5d1d-c013-4486-8313-a96500b7b6b7
32,a,55,2025-04-02 01:34:02.717875+00,2025-04-09 08:02:57.28885+00,318b4c0b-52f5-43c0-ad13-b41e1baf03c9
40,o,29,2025-04-02 01:34:02.728639+00,2025-04-09 08:02:57.292832+00,318b4c0b-52f5-43c0-ad13-b41e1baf03c9
100,h,161,2025-04-02 01:34:13.384396+00,2025-06-12 10:41:33.759786+00,683c0b43-1d2d-4e5a-b3ee-00de940a021c
19,g,167,2025-04-02 01:34:00.55108+00,2025-06-12 06:44:37.59129+00,29a91abd-7963-46c8-96ff-3a074cf2d6f5
15,t,648,2025-04-02 01:34:00.545653+00,2025-06-12 06:44:37.59387+00,29a91abd-7963-46c8-96ff-3a074cf2d6f5
60,m,143,2025-04-02 01:34:06.437674+00,2025-06-12 07:23:10.32427+00,9f27d136-09de-407f-b405-7120b2d55daa
27,e,676,2025-04-02 01:34:00.561844+00,2025-06-12 06:44:37.596474+00,29a91abd-7963-46c8-96ff-3a074cf2d6f5
25,z,122,2025-04-02 01:34:00.559129+00,2025-06-12 05:43:10.733734+00,29a91abd-7963-46c8-96ff-3a074cf2d6f5
11,n,6,2025-03-27 02:20:21.835784+00,2025-04-03 10:23:33.741103+00,ab2d5d1d-c013-4486-8313-a96500b7b6b7
7,i,8,2025-03-27 02:20:21.830467+00,2025-04-03 10:23:33.743521+00,ab2d5d1d-c013-4486-8313-a96500b7b6b7
12,n,656,2025-04-02 01:34:00.53976+00,2025-06-12 06:44:37.597765+00,29a91abd-7963-46c8-96ff-3a074cf2d6f5
3,k,4,2025-03-27 02:20:21.825165+00,2025-04-03 10:23:33.746585+00,ab2d5d1d-c013-4486-8313-a96500b7b6b7
2,u,9,2025-03-27 02:20:21.823804+00,2025-04-03 10:23:33.749176+00,ab2d5d1d-c013-4486-8313-a96500b7b6b7
5,o,7,2025-03-27 02:20:21.827829+00,2025-04-03 10:23:33.751953+00,ab2d5d1d-c013-4486-8313-a96500b7b6b7
1,s,6,2025-03-27 02:20:21.816912+00,2025-04-03 10:23:33.753254+00,ab2d5d1d-c013-4486-8313-a96500b7b6b7
8,w,2,2025-03-27 02:20:21.831816+00,2025-04-03 10:23:33.754552+00,ab2d5d1d-c013-4486-8313-a96500b7b6b7
42,s,17,2025-04-02 01:34:02.731325+00,2025-04-09 08:02:57.294162+00,318b4c0b-52f5-43c0-ad13-b41e1baf03c9
35,k,40,2025-04-02 01:34:02.721864+00,2025-04-09 08:02:57.295496+00,318b4c0b-52f5-43c0-ad13-b41e1baf03c9
36,u,36,2025-04-02 01:34:02.723235+00,2025-04-09 08:02:57.296818+00,318b4c0b-52f5-43c0-ad13-b41e1baf03c9
41,d,10,2025-04-02 01:34:02.729988+00,2025-04-09 08:02:57.298124+00,318b4c0b-52f5-43c0-ad13-b41e1baf03c9
22,u,610,2025-04-02 01:34:00.555103+00,2025-06-12 06:44:37.599052+00,29a91abd-7963-46c8-96ff-3a074cf2d6f5
103,k,323,2025-04-02 01:34:13.388386+00,2025-06-12 05:38:18.206142+00,683c0b43-1d2d-4e5a-b3ee-00de940a021c
14,o,755,2025-04-02 01:34:00.5443+00,2025-06-12 06:44:37.601729+00,29a91abd-7963-46c8-96ff-3a074cf2d6f5
62,k,285,2025-04-02 01:34:06.440802+00,2025-06-12 07:19:21.120952+00,9f27d136-09de-407f-b405-7120b2d55daa
401,p,24,2025-04-07 01:13:58.947582+00,2025-06-12 07:19:21.123576+00,9f27d136-09de-407f-b405-7120b2d55daa
29,b,4,2025-04-02 01:34:02.713402+00,2025-04-04 02:06:20.101068+00,318b4c0b-52f5-43c0-ad13-b41e1baf03c9
140,t,338,2025-04-02 01:34:37.955152+00,2025-06-13 01:33:29.180569+00,ff7cd6c3-bd30-42e3-987e-3fafeaea72e9
109,w,95,2025-04-02 01:34:13.398192+00,2025-06-12 10:41:33.762499+00,683c0b43-1d2d-4e5a-b3ee-00de940a021c
210,a,139,2025-04-02 01:40:49.144924+00,2025-06-13 00:51:37.737044+00,522f3d6d-e633-426b-bf51-b50dee27ec96
121,z,26,2025-04-02 01:34:17.546362+00,2025-06-12 09:22:43.945479+00,5f19c80d-8883-42f3-9257-f9f899f703d9
188,o,68,2025-04-02 01:39:56.645739+00,2025-05-23 00:20:20.195879+00,78d9548f-bbcf-4129-a8a7-e0a841a295b3
155,h,353,2025-04-02 01:39:22.295718+00,2025-06-11 08:29:23.371642+00,7b341d92-c6ef-4d5d-bf17-6551f9842b9f
191,z,22,2025-04-02 01:39:56.649702+00,2025-05-12 03:58:03.715103+00,78d9548f-bbcf-4129-a8a7-e0a841a295b3
195,u,37,2025-04-02 01:40:08.438955+00,2025-06-11 08:35:41.860345+00,6bdcd97d-6502-462a-84f1-b5d3afefa313
148,n,771,2025-04-02 01:39:22.286462+00,2025-06-11 08:29:23.374266+00,7b341d92-c6ef-4d5d-bf17-6551f9842b9f
152,r,937,2025-04-02 01:39:22.291742+00,2025-06-11 08:29:23.376856+00,7b341d92-c6ef-4d5d-bf17-6551f9842b9f
160,a,423,2025-04-02 01:39:49.013936+00,2025-06-12 10:53:00.242687+00,575e0431-1085-4d49-9191-86fd4695b554
211,e,142,2025-04-02 01:40:49.146252+00,2025-06-13 00:51:37.740058+00,522f3d6d-e633-426b-bf51-b50dee27ec96
206,e,31,2025-04-02 01:40:08.453523+00,2025-06-11 08:38:56.251644+00,6bdcd97d-6502-462a-84f1-b5d3afefa313
113,b,32,2025-04-02 01:34:13.403484+00,2025-06-09 05:05:46.669454+00,683c0b43-1d2d-4e5a-b3ee-00de940a021c
153,o,1045,2025-04-02 01:39:22.293068+00,2025-06-11 08:29:23.378135+00,7b341d92-c6ef-4d5d-bf17-6551f9842b9f
213,u,107,2025-04-02 01:40:49.148886+00,2025-06-13 00:51:37.742631+00,522f3d6d-e633-426b-bf51-b50dee27ec96
118,i,317,2025-04-02 01:34:17.542399+00,2025-06-12 10:50:46.071778+00,5f19c80d-8883-42f3-9257-f9f899f703d9
144,i,1017,2025-04-02 01:39:22.281135+00,2025-06-11 08:29:23.382102+00,7b341d92-c6ef-4d5d-bf17-6551f9842b9f
185,a,108,2025-04-02 01:39:56.6418+00,2025-05-23 00:20:20.197558+00,78d9548f-bbcf-4129-a8a7-e0a841a295b3
137,k,55,2025-04-02 01:34:37.951013+00,2025-06-11 02:21:56.197873+00,ff7cd6c3-bd30-42e3-987e-3fafeaea72e9
200,f,10,2025-04-02 01:40:08.445543+00,2025-06-02 05:48:49.281633+00,6bdcd97d-6502-462a-84f1-b5d3afefa313
187,p,6,2025-04-02 01:39:56.644428+00,2025-05-22 05:25:25.616088+00,78d9548f-bbcf-4129-a8a7-e0a841a295b3
183,m,28,2025-04-02 01:39:56.639124+00,2025-05-20 00:07:55.992146+00,78d9548f-bbcf-4129-a8a7-e0a841a295b3
208,n,132,2025-04-02 01:40:49.141358+00,2025-06-13 00:51:37.743985+00,522f3d6d-e633-426b-bf51-b50dee27ec96
172,f,30,2025-04-02 01:39:49.02997+00,2025-06-11 00:18:09.955783+00,575e0431-1085-4d49-9191-86fd4695b554
197,m,16,2025-04-02 01:40:08.44158+00,2025-06-11 08:38:56.252985+00,6bdcd97d-6502-462a-84f1-b5d3afefa313
145,j,186,2025-04-02 01:39:22.282466+00,2025-06-11 08:29:23.391154+00,7b341d92-c6ef-4d5d-bf17-6551f9842b9f
136,o,211,2025-04-02 01:34:37.949683+00,2025-06-13 01:33:29.181902+00,ff7cd6c3-bd30-42e3-987e-3fafeaea72e9
194,r,19,2025-04-02 01:40:08.437575+00,2025-06-11 08:35:41.864295+00,6bdcd97d-6502-462a-84f1-b5d3afefa313
124,o,322,2025-04-02 01:34:17.550391+00,2025-06-12 10:50:46.076168+00,5f19c80d-8883-42f3-9257-f9f899f703d9
146,g,140,2025-04-02 01:39:22.283794+00,2025-06-11 08:26:12.248336+00,7b341d92-c6ef-4d5d-bf17-6551f9842b9f
201,n,59,2025-04-02 01:40:08.446892+00,2025-06-11 08:38:56.25428+00,6bdcd97d-6502-462a-84f1-b5d3afefa313
164,k,228,2025-04-02 01:39:49.019374+00,2025-06-12 10:53:00.244005+00,575e0431-1085-4d49-9191-86fd4695b554
139,m,62,2025-04-02 01:34:37.953819+00,2025-06-12 05:44:56.604485+00,ff7cd6c3-bd30-42e3-987e-3fafeaea72e9
212,d,41,2025-04-02 01:40:49.147571+00,2025-06-06 11:20:21.21871+00,522f3d6d-e633-426b-bf51-b50dee27ec96
182,i,85,2025-04-02 01:39:56.637796+00,2025-05-23 00:20:20.1989+00,78d9548f-bbcf-4129-a8a7-e0a841a295b3
166,e,286,2025-04-02 01:39:49.022074+00,2025-06-12 10:53:00.245319+00,575e0431-1085-4d49-9191-86fd4695b554
203,t,34,2025-04-02 01:40:08.449559+00,2025-06-11 08:38:56.255589+00,6bdcd97d-6502-462a-84f1-b5d3afefa313
141,e,603,2025-04-02 01:34:37.956471+00,2025-06-13 01:33:29.175342+00,ff7cd6c3-bd30-42e3-987e-3fafeaea72e9
167,u,334,2025-04-02 01:39:49.0234+00,2025-06-12 10:53:00.247914+00,575e0431-1085-4d49-9191-86fd4695b554
127,d,111,2025-04-02 01:34:17.554352+00,2025-06-11 02:44:52.03691+00,5f19c80d-8883-42f3-9257-f9f899f703d9
207,d,11,2025-04-02 01:40:08.454888+00,2025-05-27 09:08:44.936721+00,6bdcd97d-6502-462a-84f1-b5d3afefa313
198,a,53,2025-04-02 01:40:08.442901+00,2025-06-11 08:38:56.256866+00,6bdcd97d-6502-462a-84f1-b5d3afefa313
196,o,42,2025-04-02 01:40:08.440274+00,2025-06-11 08:35:41.868184+00,6bdcd97d-6502-462a-84f1-b5d3afefa313
178,n,96,2025-04-02 01:39:56.632481+00,2025-05-23 00:20:20.200198+00,78d9548f-bbcf-4129-a8a7-e0a841a295b3
157,z,32,2025-04-02 01:39:22.298352+00,2025-06-11 08:09:59.009655+00,7b341d92-c6ef-4d5d-bf17-6551f9842b9f
179,r,54,2025-04-02 01:39:56.633834+00,2025-05-23 00:20:20.204158+00,78d9548f-bbcf-4129-a8a7-e0a841a295b3
214,z,20,2025-04-02 01:40:49.150874+00,2025-06-11 08:37:26.753814+00,522f3d6d-e633-426b-bf51-b50dee27ec96
117,s,245,2025-04-02 01:34:17.541085+00,2025-06-12 10:50:46.077462+00,5f19c80d-8883-42f3-9257-f9f899f703d9
132,a,363,2025-04-02 01:34:37.943521+00,2025-06-13 01:33:29.179264+00,ff7cd6c3-bd30-42e3-987e-3fafeaea72e9
115,u,205,2025-04-02 01:34:17.537979+00,2025-06-12 10:50:46.078757+00,5f19c80d-8883-42f3-9257-f9f899f703d9
133,r,236,2025-04-02 01:34:37.945482+00,2025-06-13 01:33:29.184766+00,ff7cd6c3-bd30-42e3-987e-3fafeaea72e9
202,s,17,2025-04-02 01:40:08.448241+00,2025-06-11 08:38:56.258136+00,6bdcd97d-6502-462a-84f1-b5d3afefa313
142,g,79,2025-04-02 01:34:37.957771+00,2025-06-13 01:33:29.187398+00,ff7cd6c3-bd30-42e3-987e-3fafeaea72e9
192,u,61,2025-04-02 01:39:56.65103+00,2025-05-23 00:20:20.206754+00,78d9548f-bbcf-4129-a8a7-e0a841a295b3
138,y,37,2025-04-02 01:34:37.952492+00,2025-06-13 01:33:29.188696+00,ff7cd6c3-bd30-42e3-987e-3fafeaea72e9
169,n,484,2025-04-02 01:39:49.026029+00,2025-06-12 10:53:00.249223+00,575e0431-1085-4d49-9191-86fd4695b554
209,h,33,2025-04-02 01:40:49.143219+00,2025-06-11 08:37:26.759013+00,522f3d6d-e633-426b-bf51-b50dee27ec96
180,t,57,2025-04-02 01:39:56.635164+00,2025-05-23 00:20:20.209425+00,78d9548f-bbcf-4129-a8a7-e0a841a295b3
193,i,139,2025-04-02 01:40:08.435811+00,2025-06-11 08:38:56.259421+00,6bdcd97d-6502-462a-84f1-b5d3afefa313
135,u,127,2025-04-02 01:34:37.948352+00,2025-06-12 10:44:49.8372+00,ff7cd6c3-bd30-42e3-987e-3fafeaea72e9
184,e,75,2025-04-02 01:39:56.640467+00,2025-05-23 00:20:20.21072+00,78d9548f-bbcf-4129-a8a7-e0a841a295b3
199,k,25,2025-04-02 01:40:08.444228+00,2025-06-11 08:35:41.869571+00,6bdcd97d-6502-462a-84f1-b5d3afefa313
134,d,105,2025-04-02 01:34:37.946977+00,2025-06-12 10:44:49.838495+00,ff7cd6c3-bd30-42e3-987e-3fafeaea72e9
130,f,41,2025-04-02 01:34:17.558302+00,2025-06-12 10:50:46.080056+00,5f19c80d-8883-42f3-9257-f9f899f703d9
163,o,384,2025-04-02 01:39:49.018062+00,2025-06-12 10:53:00.250525+00,575e0431-1085-4d49-9191-86fd4695b554
171,b,45,2025-04-02 01:39:49.028648+00,2025-06-12 10:53:00.251844+00,575e0431-1085-4d49-9191-86fd4695b554
123,m,95,2025-04-02 01:34:17.549061+00,2025-06-12 10:50:46.082797+00,5f19c80d-8883-42f3-9257-f9f899f703d9
126,t,246,2025-04-02 01:34:17.553035+00,2025-06-12 10:50:46.084085+00,5f19c80d-8883-42f3-9257-f9f899f703d9
120,e,333,2025-04-02 01:34:17.545044+00,2025-06-12 10:50:46.085394+00,5f19c80d-8883-42f3-9257-f9f899f703d9
170,r,216,2025-04-02 01:39:49.027345+00,2025-06-12 10:53:00.253157+00,575e0431-1085-4d49-9191-86fd4695b554
116,r,208,2025-04-02 01:34:17.539732+00,2025-06-12 10:50:46.086688+00,5f19c80d-8883-42f3-9257-f9f899f703d9
181,h,25,2025-04-02 01:39:56.636483+00,2025-05-22 05:25:25.624071+00,78d9548f-bbcf-4129-a8a7-e0a841a295b3
122,n,301,2025-04-02 01:34:17.547722+00,2025-06-12 10:50:46.089284+00,5f19c80d-8883-42f3-9257-f9f899f703d9
189,y,17,2025-04-02 01:39:56.64707+00,2025-05-20 00:07:56.002729+00,78d9548f-bbcf-4129-a8a7-e0a841a295b3
204,g,8,2025-04-02 01:40:08.45087+00,2025-04-25 09:54:22.403633+00,6bdcd97d-6502-462a-84f1-b5d3afefa313
125,j,50,2025-04-02 01:34:17.551707+00,2025-06-12 09:22:43.958848+00,5f19c80d-8883-42f3-9257-f9f899f703d9
119,a,397,2025-04-02 01:34:17.543712+00,2025-06-12 10:50:46.093224+00,5f19c80d-8883-42f3-9257-f9f899f703d9
173,g,90,2025-04-02 01:39:49.031272+00,2025-06-06 00:00:24.958261+00,575e0431-1085-4d49-9191-86fd4695b554
190,s,62,2025-04-02 01:39:56.648388+00,2025-05-22 05:25:25.625382+00,78d9548f-bbcf-4129-a8a7-e0a841a295b3
165,m,92,2025-04-02 01:39:49.020691+00,2025-06-10 10:20:51.462016+00,575e0431-1085-4d49-9191-86fd4695b554
177,k,27,2025-04-02 01:39:56.630716+00,2025-05-22 05:25:25.628045+00,78d9548f-bbcf-4129-a8a7-e0a841a295b3
168,s,217,2025-04-02 01:39:49.024708+00,2025-06-12 10:53:00.254448+00,575e0431-1085-4d49-9191-86fd4695b554
161,i,451,2025-04-02 01:39:49.015345+00,2025-06-12 10:53:00.255746+00,575e0431-1085-4d49-9191-86fd4695b554
162,w,54,2025-04-02 01:39:49.016703+00,2025-06-12 10:53:00.257039+00,575e0431-1085-4d49-9191-86fd4695b554
129,k,162,2025-04-02 01:34:17.556989+00,2025-06-12 09:22:43.962756+00,5f19c80d-8883-42f3-9257-f9f899f703d9
402,f,23,2025-04-07 01:16:32.967204+00,2025-06-13 00:38:51.993059+00,99f7fcb9-8b5e-4cdd-a371-35d9c2a8a200
79,o,343,2025-04-02 01:34:08.64035+00,2025-06-13 00:41:41.486539+00,ed7db178-e6d4-4007-8bbe-cd6781641ae6
114,y,145,2025-04-02 01:34:13.404795+00,2025-06-12 05:33:09.687521+00,683c0b43-1d2d-4e5a-b3ee-00de940a021c
143,a,1151,2025-04-02 01:39:22.279376+00,2025-06-11 08:29:23.369996+00,7b341d92-c6ef-4d5d-bf17-6551f9842b9f
394,b,2,2025-04-04 09:27:52.746391+00,2025-04-08 00:15:33.900154+00,8c011ea6-b400-49f2-9db5-2c8ed2b5c3d2
18,r,527,2025-04-02 01:34:00.549721+00,2025-06-12 06:44:37.580419+00,29a91abd-7963-46c8-96ff-3a074cf2d6f5
205,z,3,2025-04-02 01:40:08.45221+00,2025-04-25 09:54:22.271596+00,6bdcd97d-6502-462a-84f1-b5d3afefa313
270,d,131,2025-04-03 02:57:04.679695+00,2025-06-12 07:19:21.107964+00,9f27d136-09de-407f-b405-7120b2d55daa
234,a,724,2025-04-02 01:40:56.705654+00,2025-06-12 09:56:27.27822+00,327e4006-267d-40b0-88bb-2c4e84cefcad
275,s,42,2025-04-03 03:45:35.406049+00,2025-06-13 00:58:53.656338+00,eb06d3ea-4a70-462c-9f56-d5e1979eb96f
159,t,225,2025-04-02 01:39:49.012116+00,2025-06-12 10:53:00.246614+00,575e0431-1085-4d49-9191-86fd4695b554
16,k,403,2025-04-02 01:34:00.547012+00,2025-06-12 06:44:37.584712+00,29a91abd-7963-46c8-96ff-3a074cf2d6f5
150,d,279,2025-04-02 01:39:22.289111+00,2025-06-11 08:29:23.372968+00,7b341d92-c6ef-4d5d-bf17-6551f9842b9f
149,u,841,2025-04-02 01:39:22.287776+00,2025-06-11 08:29:23.375569+00,7b341d92-c6ef-4d5d-bf17-6551f9842b9f
265,w,8,2025-04-02 09:43:28.685025+00,2025-06-11 08:35:41.866884+00,6bdcd97d-6502-462a-84f1-b5d3afefa313
83,a,463,2025-04-02 01:34:08.645733+00,2025-06-13 00:41:41.489558+00,ed7db178-e6d4-4007-8bbe-cd6781641ae6
256,s,87,2025-04-02 04:35:16.870405+00,2025-06-13 00:52:40.22759+00,604a9905-049d-4602-9495-86fa730795bf
75,h,120,2025-04-02 01:34:08.634509+00,2025-06-13 00:41:41.490861+00,ed7db178-e6d4-4007-8bbe-cd6781641ae6
403,v,32,2025-04-07 01:16:33.237052+00,2025-06-13 00:44:05.245966+00,99f7fcb9-8b5e-4cdd-a371-35d9c2a8a200
223,y,544,2025-04-02 01:40:56.690869+00,2025-06-12 09:56:27.279507+00,327e4006-267d-40b0-88bb-2c4e84cefcad
111,z,96,2025-04-02 01:34:13.40082+00,2025-06-12 05:38:18.202247+00,683c0b43-1d2d-4e5a-b3ee-00de940a021c
221,s,115,2025-04-02 01:40:49.160421+00,2025-06-11 08:37:26.747142+00,522f3d6d-e633-426b-bf51-b50dee27ec96
174,y,107,2025-04-02 01:39:49.032577+00,2025-06-12 00:22:12.407703+00,575e0431-1085-4d49-9191-86fd4695b554
147,e,935,2025-04-02 01:39:22.285126+00,2025-06-11 08:29:23.379477+00,7b341d92-c6ef-4d5d-bf17-6551f9842b9f
248,o,98,2025-04-02 04:35:16.859575+00,2025-06-13 00:52:40.229309+00,604a9905-049d-4602-9495-86fa730795bf
260,n,97,2025-04-02 04:35:16.875698+00,2025-06-13 00:48:51.319104+00,604a9905-049d-4602-9495-86fa730795bf
175,z,30,2025-04-02 01:39:49.03389+00,2025-06-06 00:00:24.954425+00,575e0431-1085-4d49-9191-86fd4695b554
215,t,104,2025-04-02 01:40:49.152268+00,2025-06-13 00:51:37.738735+00,522f3d6d-e633-426b-bf51-b50dee27ec96
388,j,44,2025-04-04 07:55:13.225749+00,2025-06-09 02:19:01.79635+00,575e0431-1085-4d49-9191-86fd4695b554
251,e,64,2025-04-02 04:35:16.863683+00,2025-06-13 00:52:40.230633+00,604a9905-049d-4602-9495-86fa730795bf
230,u,916,2025-04-02 01:40:56.700336+00,2025-06-12 09:56:27.280792+00,327e4006-267d-40b0-88bb-2c4e84cefcad
158,s,643,2025-04-02 01:39:22.299662+00,2025-06-11 08:29:23.380801+00,7b341d92-c6ef-4d5d-bf17-6551f9842b9f
81,i,299,2025-04-02 01:34:08.643033+00,2025-06-13 00:41:41.492141+00,ed7db178-e6d4-4007-8bbe-cd6781641ae6
262,m,291,2025-04-02 08:09:38.20173+00,2025-06-11 08:29:23.383409+00,7b341d92-c6ef-4d5d-bf17-6551f9842b9f
244,m,277,2025-04-02 01:40:58.195792+00,2025-06-12 06:44:37.587327+00,29a91abd-7963-46c8-96ff-3a074cf2d6f5
245,d,200,2025-04-02 01:41:05.514657+00,2025-06-12 10:41:33.74277+00,683c0b43-1d2d-4e5a-b3ee-00de940a021c
272,e,85,2025-04-03 03:45:35.398836+00,2025-06-13 00:58:53.658936+00,eb06d3ea-4a70-462c-9f56-d5e1979eb96f
219,i,147,2025-04-02 01:40:49.157764+00,2025-06-13 00:51:37.74135+00,522f3d6d-e633-426b-bf51-b50dee27ec96
246,x,5,2025-04-02 02:10:16.231497+00,2025-05-12 08:43:52.482866+00,683c0b43-1d2d-4e5a-b3ee-00de940a021c
276,h,28,2025-04-03 03:45:35.407447+00,2025-06-11 06:01:53.347187+00,eb06d3ea-4a70-462c-9f56-d5e1979eb96f
217,o,189,2025-04-02 01:40:49.155138+00,2025-06-13 00:51:37.745267+00,522f3d6d-e633-426b-bf51-b50dee27ec96
151,k,387,2025-04-02 01:39:22.290432+00,2025-06-11 08:29:23.384692+00,7b341d92-c6ef-4d5d-bf17-6551f9842b9f
156,y,335,2025-04-02 01:39:22.297045+00,2025-06-11 08:29:23.387282+00,7b341d92-c6ef-4d5d-bf17-6551f9842b9f
266,v,144,2025-04-02 09:44:51.008261+00,2025-06-12 05:33:09.688823+00,683c0b43-1d2d-4e5a-b3ee-00de940a021c
271,r,146,2025-04-03 02:57:04.700002+00,2025-06-11 02:41:43.312253+00,9f27d136-09de-407f-b405-7120b2d55daa
216,y,47,2025-04-02 01:40:49.15381+00,2025-06-11 08:37:26.756431+00,522f3d6d-e633-426b-bf51-b50dee27ec96
393,r,5,2025-04-04 09:27:52.739651+00,2025-04-09 00:12:18.669573+00,8c011ea6-b400-49f2-9db5-2c8ed2b5c3d2
108,u,365,2025-04-02 01:34:13.395162+00,2025-06-12 10:41:33.748029+00,683c0b43-1d2d-4e5a-b3ee-00de940a021c
82,k,185,2025-04-02 01:34:08.64439+00,2025-06-13 00:41:41.494775+00,ed7db178-e6d4-4007-8bbe-cd6781641ae6
222,e,549,2025-04-02 01:40:56.689001+00,2025-06-12 09:56:27.283459+00,327e4006-267d-40b0-88bb-2c4e84cefcad
88,s,199,2025-04-02 01:34:08.652472+00,2025-06-13 00:41:41.498638+00,ed7db178-e6d4-4007-8bbe-cd6781641ae6
231,i,815,2025-04-02 01:40:56.701667+00,2025-06-12 09:56:27.284741+00,327e4006-267d-40b0-88bb-2c4e84cefcad
396,i,6,2025-04-04 09:27:52.75227+00,2025-04-09 00:12:18.674521+00,8c011ea6-b400-49f2-9db5-2c8ed2b5c3d2
226,o,678,2025-04-02 01:40:56.694929+00,2025-06-12 09:56:27.286026+00,327e4006-267d-40b0-88bb-2c4e84cefcad
227,n,690,2025-04-02 01:40:56.696248+00,2025-06-12 09:56:27.287327+00,327e4006-267d-40b0-88bb-2c4e84cefcad
154,t,478,2025-04-02 01:39:22.294397+00,2025-06-11 08:29:23.388587+00,7b341d92-c6ef-4d5d-bf17-6551f9842b9f
76,u,232,2025-04-02 01:34:08.636287+00,2025-06-13 00:41:41.501229+00,ed7db178-e6d4-4007-8bbe-cd6781641ae6
17,a,1005,2025-04-02 01:34:00.548352+00,2025-06-12 06:44:37.588619+00,29a91abd-7963-46c8-96ff-3a074cf2d6f5
395,m,2,2025-04-04 09:27:52.749646+00,2025-04-09 00:12:18.725144+00,8c011ea6-b400-49f2-9db5-2c8ed2b5c3d2
397,z,3,2025-04-04 09:27:52.756152+00,2025-04-09 00:12:18.737404+00,8c011ea6-b400-49f2-9db5-2c8ed2b5c3d2
261,w,194,2025-04-02 08:09:38.198831+00,2025-06-11 08:29:23.389865+00,7b341d92-c6ef-4d5d-bf17-6551f9842b9f
110,m,163,2025-04-02 01:34:13.399506+00,2025-06-12 10:41:33.757195+00,683c0b43-1d2d-4e5a-b3ee-00de940a021c
85,t,231,2025-04-02 01:34:08.648432+00,2025-06-13 00:41:41.50252+00,ed7db178-e6d4-4007-8bbe-cd6781641ae6
77,r,259,2025-04-02 01:34:08.637651+00,2025-06-13 00:41:41.503818+00,ed7db178-e6d4-4007-8bbe-cd6781641ae6
220,k,82,2025-04-02 01:40:49.159097+00,2025-06-13 00:51:37.747899+00,522f3d6d-e633-426b-bf51-b50dee27ec96
112,g,108,2025-04-02 01:34:13.402148+00,2025-06-12 10:41:33.763802+00,683c0b43-1d2d-4e5a-b3ee-00de940a021c
78,y,65,2025-04-02 01:34:08.638999+00,2025-06-12 09:10:11.526131+00,ed7db178-e6d4-4007-8bbe-cd6781641ae6
218,m,34,2025-04-02 01:40:49.156448+00,2025-06-11 08:37:26.761684+00,522f3d6d-e633-426b-bf51-b50dee27ec96
249,a,137,2025-04-02 04:35:16.860989+00,2025-06-13 00:52:40.23195+00,604a9905-049d-4602-9495-86fa730795bf
405,q,29,2025-04-07 02:00:04.31462+00,2025-06-12 00:54:50.031151+00,327e4006-267d-40b0-88bb-2c4e84cefcad
228,k,374,2025-04-02 01:40:56.697577+00,2025-06-12 09:56:27.292548+00,327e4006-267d-40b0-88bb-2c4e84cefcad
255,k,66,2025-04-02 04:35:16.869089+00,2025-06-13 00:48:51.321694+00,604a9905-049d-4602-9495-86fa730795bf
238,h,420,2025-04-02 01:40:56.710981+00,2025-06-12 09:56:27.293835+00,327e4006-267d-40b0-88bb-2c4e84cefcad
259,r,46,2025-04-02 04:35:16.874383+00,2025-06-13 00:48:51.32299+00,604a9905-049d-4602-9495-86fa730795bf
254,i,82,2025-04-02 04:35:16.867758+00,2025-06-13 00:52:40.233255+00,604a9905-049d-4602-9495-86fa730795bf
250,g,25,2025-04-02 04:35:16.86234+00,2025-06-12 00:59:31.36807+00,604a9905-049d-4602-9495-86fa730795bf
269,v,52,2025-04-02 09:49:15.797896+00,2025-06-12 00:54:50.03898+00,327e4006-267d-40b0-88bb-2c4e84cefcad
274,k,41,2025-04-03 03:45:35.404594+00,2025-06-13 00:58:53.66022+00,eb06d3ea-4a70-462c-9f56-d5e1979eb96f
21,d,303,2025-04-02 01:34:00.553756+00,2025-06-12 06:44:37.589911+00,29a91abd-7963-46c8-96ff-3a074cf2d6f5
252,h,53,2025-04-02 04:35:16.865022+00,2025-06-13 00:48:51.326887+00,604a9905-049d-4602-9495-86fa730795bf
257,x,15,2025-04-02 04:35:16.871736+00,2025-06-03 10:21:58.400725+00,604a9905-049d-4602-9495-86fa730795bf
253,u,75,2025-04-02 04:35:16.866428+00,2025-06-13 00:48:51.328182+00,604a9905-049d-4602-9495-86fa730795bf
243,b,146,2025-04-02 01:40:58.194084+00,2025-06-12 06:44:37.592583+00,29a91abd-7963-46c8-96ff-3a074cf2d6f5
20,y,192,2025-04-02 01:34:00.552412+00,2025-06-12 06:44:37.605662+00,29a91abd-7963-46c8-96ff-3a074cf2d6f5
26,h,321,2025-04-02 01:34:00.560518+00,2025-06-12 06:44:37.606956+00,29a91abd-7963-46c8-96ff-3a074cf2d6f5
273,d,27,2025-04-03 03:45:35.401847+00,2025-06-13 00:58:53.662821+00,eb06d3ea-4a70-462c-9f56-d5e1979eb96f
277,a,98,2025-04-03 03:45:35.408803+00,2025-06-13 00:58:53.667966+00,eb06d3ea-4a70-462c-9f56-d5e1979eb96f
258,w,7,2025-04-02 04:35:16.873071+00,2025-06-12 00:59:31.370714+00,604a9905-049d-4602-9495-86fa730795bf
84,e,323,2025-04-02 01:34:08.647096+00,2025-06-13 00:41:41.505103+00,ed7db178-e6d4-4007-8bbe-cd6781641ae6
264,b,98,2025-04-02 08:37:49.651235+00,2025-06-11 08:26:12.25743+00,7b341d92-c6ef-4d5d-bf17-6551f9842b9f
320,t,32,2025-04-03 10:22:24.018127+00,2025-04-10 00:19:32.459026+00,c546f210-dd7e-4396-a9d1-af22955e7a57
298,h,12,2025-04-03 07:22:10.982503+00,2025-04-09 08:02:57.28754+00,318b4c0b-52f5-43c0-ad13-b41e1baf03c9
297,b,21,2025-04-03 05:09:28.663752+00,2025-06-04 07:47:08.512975+00,522f3d6d-e633-426b-bf51-b50dee27ec96
241,g,72,2025-04-02 01:40:57.883616+00,2025-06-13 00:41:41.497346+00,ed7db178-e6d4-4007-8bbe-cd6781641ae6
363,b,3,2025-04-04 00:21:35.836408+00,2025-04-22 09:26:44.566689+00,6bdcd97d-6502-462a-84f1-b5d3afefa313
293,d,108,2025-04-03 05:01:21.656683+00,2025-06-12 10:53:00.240755+00,575e0431-1085-4d49-9191-86fd4695b554
278,w,42,2025-04-03 03:56:28.800613+00,2025-06-13 00:14:49.319552+00,ed7db178-e6d4-4007-8bbe-cd6781641ae6
305,s,319,2025-04-03 07:44:10.303487+00,2025-06-13 01:33:29.172687+00,ff7cd6c3-bd30-42e3-987e-3fafeaea72e9
288,f,226,2025-04-03 04:51:35.178486+00,2025-06-11 08:26:12.254813+00,7b341d92-c6ef-4d5d-bf17-6551f9842b9f
364,y,8,2025-04-04 00:21:35.839425+00,2025-06-11 08:38:56.231155+00,6bdcd97d-6502-462a-84f1-b5d3afefa313
324,q,1,2025-04-03 10:22:24.023687+00,2025-04-03 10:22:24.023695+00,c546f210-dd7e-4396-a9d1-af22955e7a57
327,p,1,2025-04-03 10:22:24.027745+00,2025-04-03 10:22:24.027753+00,c546f210-dd7e-4396-a9d1-af22955e7a57
332,r,2,2025-04-03 10:23:33.744972+00,2025-04-03 10:23:33.74498+00,ab2d5d1d-c013-4486-8313-a96500b7b6b7
333,t,4,2025-04-03 10:23:33.750696+00,2025-04-03 10:23:33.750704+00,ab2d5d1d-c013-4486-8313-a96500b7b6b7
334,h,1,2025-04-03 10:23:33.755967+00,2025-04-03 10:23:33.755976+00,ab2d5d1d-c013-4486-8313-a96500b7b6b7
335,b,1,2025-04-03 10:23:33.757328+00,2025-04-03 10:23:33.757336+00,ab2d5d1d-c013-4486-8313-a96500b7b6b7
242,d,122,2025-04-02 01:40:57.886555+00,2025-06-13 00:41:41.499946+00,ed7db178-e6d4-4007-8bbe-cd6781641ae6
310,t,39,2025-04-03 08:24:42.582236+00,2025-06-13 00:48:51.333316+00,604a9905-049d-4602-9495-86fa730795bf
280,j,29,2025-04-03 03:56:28.810102+00,2025-06-12 09:10:11.531343+00,ed7db178-e6d4-4007-8bbe-cd6781641ae6
389,l,40,2025-04-04 07:58:22.200154+00,2025-06-13 00:38:51.99699+00,99f7fcb9-8b5e-4cdd-a371-35d9c2a8a200
399,b,72,2025-04-04 09:35:13.685906+00,2025-06-12 10:50:46.074849+00,5f19c80d-8883-42f3-9257-f9f899f703d9
284,j,10,2025-04-03 03:58:05.41324+00,2025-05-14 03:12:28.870529+00,78d9548f-bbcf-4129-a8a7-e0a841a295b3
292,l,163,2025-04-03 04:59:35.032767+00,2025-06-11 08:13:31.863815+00,7b341d92-c6ef-4d5d-bf17-6551f9842b9f
287,j,12,2025-04-03 04:49:37.032869+00,2025-05-27 09:29:48.172889+00,6bdcd97d-6502-462a-84f1-b5d3afefa313
365,v,96,2025-04-04 00:23:39.103954+00,2025-06-11 08:09:59.000517+00,7b341d92-c6ef-4d5d-bf17-6551f9842b9f
309,f,8,2025-04-03 08:24:42.580529+00,2025-06-02 09:37:52.100425+00,604a9905-049d-4602-9495-86fa730795bf
311,p,24,2025-04-03 08:59:40.965694+00,2025-06-12 10:41:33.75849+00,683c0b43-1d2d-4e5a-b3ee-00de940a021c
283,v,11,2025-04-03 03:58:05.409271+00,2025-05-23 00:20:20.201492+00,78d9548f-bbcf-4129-a8a7-e0a841a295b3
282,w,18,2025-04-03 03:58:05.407894+00,2025-05-13 01:54:05.658444+00,78d9548f-bbcf-4129-a8a7-e0a841a295b3
306,h,103,2025-04-03 07:44:10.304864+00,2025-06-13 01:33:29.174044+00,ff7cd6c3-bd30-42e3-987e-3fafeaea72e9
361,o,17,2025-04-04 00:12:59.872916+00,2025-04-09 00:12:18.660623+00,8c011ea6-b400-49f2-9db5-2c8ed2b5c3d2
286,h,14,2025-04-03 04:49:37.031188+00,2025-06-11 08:35:41.87086+00,6bdcd97d-6502-462a-84f1-b5d3afefa313
299,r,11,2025-04-03 07:22:10.990683+00,2025-04-07 01:57:43.580218+00,318b4c0b-52f5-43c0-ad13-b41e1baf03c9
400,j,138,2025-04-07 00:05:45.32516+00,2025-06-12 06:44:37.595174+00,29a91abd-7963-46c8-96ff-3a074cf2d6f5
359,s,9,2025-04-04 00:12:59.870125+00,2025-04-09 00:12:18.664982+00,8c011ea6-b400-49f2-9db5-2c8ed2b5c3d2
326,y,5,2025-04-03 10:22:24.026395+00,2025-04-10 00:19:32.463328+00,c546f210-dd7e-4396-a9d1-af22955e7a57
186,d,38,2025-04-02 01:39:56.643124+00,2025-05-23 00:20:20.208129+00,78d9548f-bbcf-4129-a8a7-e0a841a295b3
366,k,21,2025-04-04 00:47:51.660164+00,2025-04-09 14:02:44.560587+00,60fc5c6a-9824-46e9-8f5d-a9dd2b994dde
328,u,20,2025-04-03 10:22:24.029088+00,2025-04-10 00:19:32.464609+00,c546f210-dd7e-4396-a9d1-af22955e7a57
240,j,141,2025-04-02 01:40:56.71363+00,2025-06-12 00:58:06.398486+00,327e4006-267d-40b0-88bb-2c4e84cefcad
233,m,225,2025-04-02 01:40:56.704333+00,2025-06-12 09:56:27.272567+00,327e4006-267d-40b0-88bb-2c4e84cefcad
281,f,11,2025-04-03 03:58:05.403485+00,2025-05-21 09:01:40.736282+00,78d9548f-bbcf-4129-a8a7-e0a841a295b3
279,z,23,2025-04-03 03:56:28.803576+00,2025-06-10 01:05:42.205101+00,ed7db178-e6d4-4007-8bbe-cd6781641ae6
285,g,25,2025-04-03 03:58:05.414638+00,2025-05-23 00:20:20.205453+00,78d9548f-bbcf-4129-a8a7-e0a841a295b3
302,i,297,2025-04-03 07:44:10.291378+00,2025-06-13 01:33:29.176647+00,ff7cd6c3-bd30-42e3-987e-3fafeaea72e9
342,s,27,2025-04-03 10:31:57.931516+00,2025-04-09 14:02:44.563774+00,60fc5c6a-9824-46e9-8f5d-a9dd2b994dde
308,f,132,2025-04-03 07:53:12.964297+00,2025-06-12 06:44:37.603025+00,29a91abd-7963-46c8-96ff-3a074cf2d6f5
300,l,6,2025-04-03 07:22:10.997454+00,2025-04-08 07:50:04.242857+00,318b4c0b-52f5-43c0-ad13-b41e1baf03c9
176,h,76,2025-04-02 01:39:49.035575+00,2025-06-10 09:04:15.750357+00,575e0431-1085-4d49-9191-86fd4695b554
80,n,327,2025-04-02 01:34:08.641685+00,2025-06-13 00:41:41.488226+00,ed7db178-e6d4-4007-8bbe-cd6781641ae6
289,r,81,2025-04-03 04:51:56.80264+00,2025-06-13 00:51:37.749177+00,522f3d6d-e633-426b-bf51-b50dee27ec96
312,l,122,2025-04-03 09:51:09.22827+00,2025-06-12 09:56:27.274263+00,327e4006-267d-40b0-88bb-2c4e84cefcad
295,g,102,2025-04-03 05:01:21.985309+00,2025-06-12 10:50:46.073482+00,5f19c80d-8883-42f3-9257-f9f899f703d9
296,h,132,2025-04-03 05:01:21.995921+00,2025-06-12 10:50:46.08149+00,5f19c80d-8883-42f3-9257-f9f899f703d9
356,d,2,2025-04-04 00:12:59.865979+00,2025-04-08 00:15:33.904117+00,8c011ea6-b400-49f2-9db5-2c8ed2b5c3d2
268,p,67,2025-04-02 09:49:15.78908+00,2025-06-12 09:52:46.114859+00,327e4006-267d-40b0-88bb-2c4e84cefcad
307,v,165,2025-04-03 07:53:12.957426+00,2025-06-11 08:15:55.516829+00,29a91abd-7963-46c8-96ff-3a074cf2d6f5
350,j,7,2025-04-03 10:31:57.945939+00,2025-04-09 14:02:44.56765+00,60fc5c6a-9824-46e9-8f5d-a9dd2b994dde
290,w,22,2025-04-03 04:51:56.804367+00,2025-06-13 00:51:37.75045+00,522f3d6d-e633-426b-bf51-b50dee27ec96
235,g,263,2025-04-02 01:40:56.706986+00,2025-06-12 09:52:46.11877+00,327e4006-267d-40b0-88bb-2c4e84cefcad
343,i,50,2025-04-03 10:31:57.932843+00,2025-04-09 14:02:44.570397+00,60fc5c6a-9824-46e9-8f5d-a9dd2b994dde
346,n,68,2025-04-03 10:31:57.940546+00,2025-04-09 14:02:44.575794+00,60fc5c6a-9824-46e9-8f5d-a9dd2b994dde
357,e,9,2025-04-04 00:12:59.867374+00,2025-04-09 00:12:18.666747+00,8c011ea6-b400-49f2-9db5-2c8ed2b5c3d2
294,l,35,2025-04-03 05:01:21.658407+00,2025-06-12 00:22:12.411604+00,575e0431-1085-4d49-9191-86fd4695b554
323,g,4,2025-04-03 10:22:24.022327+00,2025-04-10 00:15:00.422401+00,c546f210-dd7e-4396-a9d1-af22955e7a57
352,t,12,2025-04-04 00:12:59.848015+00,2025-04-09 00:12:18.668164+00,8c011ea6-b400-49f2-9db5-2c8ed2b5c3d2
362,a,8,2025-04-04 00:12:59.874397+00,2025-04-09 00:12:18.67098+00,8c011ea6-b400-49f2-9db5-2c8ed2b5c3d2
224,r,435,2025-04-02 01:40:56.692242+00,2025-06-12 09:56:27.276875+00,327e4006-267d-40b0-88bb-2c4e84cefcad
358,g,2,2025-04-04 00:12:59.868744+00,2025-04-09 00:12:18.730669+00,8c011ea6-b400-49f2-9db5-2c8ed2b5c3d2
353,k,12,2025-04-04 00:12:59.861348+00,2025-04-09 00:12:18.732143+00,8c011ea6-b400-49f2-9db5-2c8ed2b5c3d2
360,h,4,2025-04-04 00:12:59.871554+00,2025-04-09 00:12:18.73346+00,8c011ea6-b400-49f2-9db5-2c8ed2b5c3d2
355,n,14,2025-04-04 00:12:59.864506+00,2025-04-09 00:12:18.736101+00,8c011ea6-b400-49f2-9db5-2c8ed2b5c3d2
291,p,14,2025-04-03 04:59:03.264208+00,2025-05-28 09:38:19.235838+00,522f3d6d-e633-426b-bf51-b50dee27ec96
325,m,15,2025-04-03 10:22:24.025036+00,2025-04-10 00:19:32.465906+00,c546f210-dd7e-4396-a9d1-af22955e7a57
316,a,52,2025-04-03 10:22:24.012707+00,2025-04-10 00:19:32.469822+00,c546f210-dd7e-4396-a9d1-af22955e7a57
398,q,8,2025-04-04 09:35:13.681592+00,2025-05-28 10:13:41.764419+00,5f19c80d-8883-42f3-9257-f9f899f703d9
229,t,405,2025-04-02 01:40:56.6989+00,2025-06-12 09:56:27.288612+00,327e4006-267d-40b0-88bb-2c4e84cefcad
319,e,22,2025-04-03 10:22:24.016784+00,2025-04-10 00:19:32.47239+00,c546f210-dd7e-4396-a9d1-af22955e7a57
322,s,11,2025-04-03 10:22:24.020847+00,2025-04-10 00:19:32.473684+00,c546f210-dd7e-4396-a9d1-af22955e7a57
330,h,10,2025-04-03 10:22:24.031789+00,2025-04-10 00:19:32.476249+00,c546f210-dd7e-4396-a9d1-af22955e7a57
313,n,39,2025-04-03 10:22:24.007891+00,2025-04-10 00:19:32.477521+00,c546f210-dd7e-4396-a9d1-af22955e7a57
301,n,234,2025-04-03 07:44:10.287837+00,2025-06-13 01:33:29.177969+00,ff7cd6c3-bd30-42e3-987e-3fafeaea72e9
232,s,379,2025-04-02 01:40:56.703008+00,2025-06-12 09:56:27.291206+00,327e4006-267d-40b0-88bb-2c4e84cefcad
329,d,7,2025-04-03 10:22:24.030447+00,2025-04-10 00:15:00.424997+00,c546f210-dd7e-4396-a9d1-af22955e7a57
267,z,116,2025-04-02 09:49:15.782367+00,2025-06-12 00:58:06.401061+00,327e4006-267d-40b0-88bb-2c4e84cefcad
128,y,50,2025-04-02 01:34:17.555664+00,2025-06-12 10:50:46.087977+00,5f19c80d-8883-42f3-9257-f9f899f703d9
304,f,70,2025-04-03 07:44:10.296919+00,2025-06-13 01:33:29.183193+00,ff7cd6c3-bd30-42e3-987e-3fafeaea72e9
331,j,4,2025-04-03 10:22:24.033131+00,2025-04-10 00:15:00.434098+00,c546f210-dd7e-4396-a9d1-af22955e7a57
303,w,45,2025-04-03 07:44:10.295424+00,2025-06-12 05:44:56.622941+00,ff7cd6c3-bd30-42e3-987e-3fafeaea72e9
456,c,100,2025-04-14 06:17:13.366665+00,2025-06-12 10:41:33.749341+00,683c0b43-1d2d-4e5a-b3ee-00de940a021c
237,b,135,2025-04-02 01:40:56.709627+00,2025-06-11 08:57:53.698147+00,327e4006-267d-40b0-88bb-2c4e84cefcad
373,k,137,2025-04-04 00:59:39.910413+00,2025-06-13 01:17:25.631096+00,99f7fcb9-8b5e-4cdd-a371-35d9c2a8a200
374,f,20,2025-04-04 01:59:30.689904+00,2025-06-13 00:51:37.746547+00,522f3d6d-e633-426b-bf51-b50dee27ec96
385,b,15,2025-04-04 05:05:35.773681+00,2025-05-23 00:20:20.212029+00,78d9548f-bbcf-4129-a8a7-e0a841a295b3
369,f,1,2025-04-04 00:51:02.467188+00,2025-04-04 00:51:02.467197+00,60fc5c6a-9824-46e9-8f5d-a9dd2b994dde
43,g,6,2025-04-02 01:34:02.732667+00,2025-04-09 08:02:57.290171+00,318b4c0b-52f5-43c0-ad13-b41e1baf03c9
383,v,26,2025-04-04 03:59:21.305964+00,2025-06-12 07:23:10.313489+00,9f27d136-09de-407f-b405-7120b2d55daa
422,q,6,2025-04-09 08:27:48.162754+00,2025-06-11 07:53:08.295082+00,7b341d92-c6ef-4d5d-bf17-6551f9842b9f
371,v,1,2025-04-04 00:57:26.543699+00,2025-04-04 00:57:26.543708+00,60fc5c6a-9824-46e9-8f5d-a9dd2b994dde
377,x,1,2025-04-04 02:02:54.239572+00,2025-04-04 02:02:54.23958+00,318b4c0b-52f5-43c0-ad13-b41e1baf03c9
38,j,18,2025-04-02 01:34:02.725899+00,2025-04-08 07:50:04.11073+00,318b4c0b-52f5-43c0-ad13-b41e1baf03c9
39,w,5,2025-04-02 01:34:02.727288+00,2025-04-08 07:50:04.264863+00,318b4c0b-52f5-43c0-ad13-b41e1baf03c9
431,c,1,2025-04-10 00:05:29.905474+00,2025-04-10 00:05:29.905483+00,c546f210-dd7e-4396-a9d1-af22955e7a57
434,l,24,2025-04-11 07:31:50.563443+00,2025-05-28 09:38:19.23021+00,522f3d6d-e633-426b-bf51-b50dee27ec96
412,d,53,2025-04-08 00:20:37.093707+00,2025-06-13 00:48:51.325547+00,604a9905-049d-4602-9495-86fa730795bf
446,v,62,2025-04-14 01:07:31.568988+00,2025-06-11 08:49:33.958111+00,ff7cd6c3-bd30-42e3-987e-3fafeaea72e9
428,l,3,2025-04-09 14:04:00.798078+00,2025-04-10 00:15:00.421115+00,c546f210-dd7e-4396-a9d1-af22955e7a57
370,z,2,2025-04-04 00:51:02.468914+00,2025-04-04 15:06:28.989594+00,60fc5c6a-9824-46e9-8f5d-a9dd2b994dde
404,z,2,2025-04-07 01:57:43.571097+00,2025-04-08 07:50:04.308753+00,318b4c0b-52f5-43c0-ad13-b41e1baf03c9
419,l,12,2025-04-09 00:19:50.30412+00,2025-05-15 00:50:17.699574+00,78d9548f-bbcf-4129-a8a7-e0a841a295b3
447,l,106,2025-04-14 01:07:31.570389+00,2025-06-12 10:44:49.842396+00,ff7cd6c3-bd30-42e3-987e-3fafeaea72e9
432,v,11,2025-04-10 01:37:32.022459+00,2025-05-30 10:09:35.935475+00,522f3d6d-e633-426b-bf51-b50dee27ec96
455,f,57,2025-04-14 06:17:13.354941+00,2025-06-12 10:41:33.750653+00,683c0b43-1d2d-4e5a-b3ee-00de940a021c
416,p,23,2025-04-08 06:23:18.679192+00,2025-06-12 00:22:12.41029+00,575e0431-1085-4d49-9191-86fd4695b554
376,y,4,2025-04-04 02:02:54.226417+00,2025-04-07 01:57:43.578967+00,318b4c0b-52f5-43c0-ad13-b41e1baf03c9
380,f,2,2025-04-04 02:06:20.096855+00,2025-04-07 01:57:43.586508+00,318b4c0b-52f5-43c0-ad13-b41e1baf03c9
436,c,3,2025-04-14 00:20:09.451159+00,2025-05-21 10:05:00.146022+00,eb06d3ea-4a70-462c-9f56-d5e1979eb96f
372,b,43,2025-04-04 00:59:39.897015+00,2025-06-10 07:04:26.338588+00,99f7fcb9-8b5e-4cdd-a371-35d9c2a8a200
375,x,70,2025-04-04 02:01:07.585703+00,2025-06-12 09:52:46.112267+00,327e4006-267d-40b0-88bb-2c4e84cefcad
340,u,56,2025-04-03 10:31:57.928812+00,2025-04-09 14:02:44.566259+00,60fc5c6a-9824-46e9-8f5d-a9dd2b994dde
337,a,72,2025-04-03 10:31:57.924713+00,2025-04-09 14:02:44.569044+00,60fc5c6a-9824-46e9-8f5d-a9dd2b994dde
345,r,27,2025-04-03 10:31:57.939189+00,2025-04-09 14:02:44.571771+00,60fc5c6a-9824-46e9-8f5d-a9dd2b994dde
344,e,32,2025-04-03 10:31:57.934187+00,2025-04-09 14:02:44.573102+00,60fc5c6a-9824-46e9-8f5d-a9dd2b994dde
338,t,36,2025-04-03 10:31:57.926092+00,2025-04-09 14:02:44.574455+00,60fc5c6a-9824-46e9-8f5d-a9dd2b994dde
368,g,16,2025-04-04 00:47:51.667576+00,2025-04-09 14:02:44.577249+00,60fc5c6a-9824-46e9-8f5d-a9dd2b994dde
426,p,1,2025-04-09 14:02:44.578916+00,2025-04-09 14:02:44.578932+00,60fc5c6a-9824-46e9-8f5d-a9dd2b994dde
348,o,41,2025-04-03 10:31:57.943211+00,2025-04-09 14:02:44.604109+00,60fc5c6a-9824-46e9-8f5d-a9dd2b994dde
339,m,19,2025-04-03 10:31:57.927447+00,2025-04-09 14:02:44.605587+00,60fc5c6a-9824-46e9-8f5d-a9dd2b994dde
341,x,22,2025-04-03 10:31:57.930164+00,2025-04-09 14:02:44.606966+00,60fc5c6a-9824-46e9-8f5d-a9dd2b994dde
417,j,1,2025-04-09 00:12:18.676319+00,2025-04-09 00:12:18.676328+00,8c011ea6-b400-49f2-9db5-2c8ed2b5c3d2
418,w,1,2025-04-09 00:12:18.741229+00,2025-04-09 00:12:18.741238+00,8c011ea6-b400-49f2-9db5-2c8ed2b5c3d2
390,j,34,2025-04-04 08:00:39.04919+00,2025-06-13 00:48:51.329462+00,604a9905-049d-4602-9495-86fa730795bf
321,b,3,2025-04-03 10:22:24.019494+00,2025-04-10 00:15:00.432799+00,c546f210-dd7e-4396-a9d1-af22955e7a57
408,l,22,2025-04-07 05:40:48.33711+00,2025-06-11 06:06:02.869729+00,eb06d3ea-4a70-462c-9f56-d5e1979eb96f
410,b,13,2025-04-07 05:40:48.358864+00,2025-06-10 09:12:58.810061+00,eb06d3ea-4a70-462c-9f56-d5e1979eb96f
437,x,4,2025-04-14 00:20:09.461592+00,2025-06-10 09:18:20.494622+00,eb06d3ea-4a70-462c-9f56-d5e1979eb96f
429,w,9,2025-04-09 14:04:00.812132+00,2025-04-10 00:19:32.460737+00,c546f210-dd7e-4396-a9d1-af22955e7a57
441,x,14,2025-04-14 00:21:36.238159+00,2025-06-12 00:20:50.723235+00,ed7db178-e6d4-4007-8bbe-cd6781641ae6
317,i,46,2025-04-03 10:22:24.014058+00,2025-04-10 00:19:32.462048+00,c546f210-dd7e-4396-a9d1-af22955e7a57
314,o,38,2025-04-03 10:22:24.00976+00,2025-04-10 00:19:32.467188+00,c546f210-dd7e-4396-a9d1-af22955e7a57
367,y,6,2025-04-04 00:47:51.665971+00,2025-04-09 14:02:44.608328+00,60fc5c6a-9824-46e9-8f5d-a9dd2b994dde
336,w,15,2025-04-03 10:31:57.922909+00,2025-04-09 14:02:44.609676+00,60fc5c6a-9824-46e9-8f5d-a9dd2b994dde
351,h,19,2025-04-03 10:31:57.947273+00,2025-04-09 14:02:44.611003+00,60fc5c6a-9824-46e9-8f5d-a9dd2b994dde
427,l,1,2025-04-09 14:02:44.61254+00,2025-04-09 14:02:44.612549+00,60fc5c6a-9824-46e9-8f5d-a9dd2b994dde
347,b,5,2025-04-03 10:31:57.941877+00,2025-04-09 14:02:44.61428+00,60fc5c6a-9824-46e9-8f5d-a9dd2b994dde
349,d,6,2025-04-03 10:31:57.944608+00,2025-04-09 14:02:44.615613+00,60fc5c6a-9824-46e9-8f5d-a9dd2b994dde
318,k,36,2025-04-03 10:22:24.015433+00,2025-04-10 00:19:32.468518+00,c546f210-dd7e-4396-a9d1-af22955e7a57
315,r,22,2025-04-03 10:22:24.011328+00,2025-04-10 00:19:32.471105+00,c546f210-dd7e-4396-a9d1-af22955e7a57
430,z,3,2025-04-10 00:05:29.902451+00,2025-04-10 00:19:32.474969+00,c546f210-dd7e-4396-a9d1-af22955e7a57
433,l,55,2025-04-10 08:45:53.475616+00,2025-06-12 10:50:46.09189+00,5f19c80d-8883-42f3-9257-f9f899f703d9
457,q,10,2025-04-14 06:26:46.513059+00,2025-06-13 01:33:29.171043+00,ff7cd6c3-bd30-42e3-987e-3fafeaea72e9
386,c,118,2025-04-04 05:07:43.691696+00,2025-06-12 09:56:27.282171+00,327e4006-267d-40b0-88bb-2c4e84cefcad
444,p,33,2025-04-14 01:07:31.553213+00,2025-06-12 10:44:49.844982+00,ff7cd6c3-bd30-42e3-987e-3fafeaea72e9
420,j,17,2025-04-09 01:57:54.976231+00,2025-06-13 00:58:53.669241+00,eb06d3ea-4a70-462c-9f56-d5e1979eb96f
442,c,82,2025-04-14 00:22:20.662532+00,2025-06-11 08:15:55.505535+00,29a91abd-7963-46c8-96ff-3a074cf2d6f5
453,l,37,2025-04-14 03:02:32.423694+00,2025-06-10 08:28:53.455239+00,604a9905-049d-4602-9495-86fa730795bf
48,u,308,2025-04-02 01:34:05.960859+00,2025-06-13 01:17:25.637634+00,99f7fcb9-8b5e-4cdd-a371-35d9c2a8a200
443,v,20,2025-04-14 01:06:21.988048+00,2025-06-10 09:16:29.925646+00,ed7db178-e6d4-4007-8bbe-cd6781641ae6
65,u,253,2025-04-02 01:34:06.444816+00,2025-06-12 07:19:21.105329+00,9f27d136-09de-407f-b405-7120b2d55daa
424,v,17,2025-04-09 08:52:16.036772+00,2025-06-11 00:56:09.593502+00,604a9905-049d-4602-9495-86fa730795bf
71,j,61,2025-04-02 01:34:06.452886+00,2025-06-12 07:19:21.106632+00,9f27d136-09de-407f-b405-7120b2d55daa
421,b,42,2025-04-09 06:10:59.291985+00,2025-06-13 01:33:29.186095+00,ff7cd6c3-bd30-42e3-987e-3fafeaea72e9
439,c,34,2025-04-14 00:21:36.231521+00,2025-06-11 00:16:33.121861+00,ed7db178-e6d4-4007-8bbe-cd6781641ae6
378,j,7,2025-04-04 02:05:47.716687+00,2025-06-04 07:47:08.520612+00,522f3d6d-e633-426b-bf51-b50dee27ec96
414,p,28,2025-04-08 04:25:46.3215+00,2025-06-11 06:10:51.694519+00,99f7fcb9-8b5e-4cdd-a371-35d9c2a8a200
379,g,22,2025-04-04 02:05:47.722221+00,2025-06-04 07:47:08.528397+00,522f3d6d-e633-426b-bf51-b50dee27ec96
449,c,107,2025-04-14 01:09:55.067476+00,2025-06-12 10:50:46.094518+00,5f19c80d-8883-42f3-9257-f9f899f703d9
247,m,14,2025-04-02 04:35:16.857742+00,2025-06-11 00:52:53.724718+00,604a9905-049d-4602-9495-86fa730795bf
236,d,203,2025-04-02 01:40:56.708306+00,2025-06-12 09:56:27.289906+00,327e4006-267d-40b0-88bb-2c4e84cefcad
382,w,91,2025-04-04 03:59:21.295527+00,2025-06-12 07:19:21.111877+00,9f27d136-09de-407f-b405-7120b2d55daa
409,p,9,2025-04-07 05:40:48.35743+00,2025-06-13 00:55:14.387018+00,eb06d3ea-4a70-462c-9f56-d5e1979eb96f
415,z,15,2025-04-08 04:39:00.441047+00,2025-06-12 05:44:56.624284+00,ff7cd6c3-bd30-42e3-987e-3fafeaea72e9
448,p,32,2025-04-14 01:09:55.061378+00,2025-06-09 05:03:48.733003+00,5f19c80d-8883-42f3-9257-f9f899f703d9
435,v,4,2025-04-14 00:20:09.432617+00,2025-06-10 09:12:58.819439+00,eb06d3ea-4a70-462c-9f56-d5e1979eb96f
413,j,15,2025-04-08 04:11:44.006963+00,2025-06-10 09:17:34.243862+00,683c0b43-1d2d-4e5a-b3ee-00de940a021c
440,l,49,2025-04-14 00:21:36.234197+00,2025-06-12 00:20:50.72717+00,ed7db178-e6d4-4007-8bbe-cd6781641ae6
438,p,18,2025-04-14 00:21:36.22847+00,2025-06-11 00:16:33.123135+00,ed7db178-e6d4-4007-8bbe-cd6781641ae6
406,l,149,2025-04-07 03:36:32.356167+00,2025-06-12 10:41:33.761079+00,683c0b43-1d2d-4e5a-b3ee-00de940a021c
72,b,61,2025-04-02 01:34:06.454241+00,2025-06-12 07:19:21.118371+00,9f27d136-09de-407f-b405-7120b2d55daa
454,c,17,2025-04-14 03:02:32.427645+00,2025-06-12 00:59:31.379728+00,604a9905-049d-4602-9495-86fa730795bf
58,s,177,2025-04-02 01:34:05.974506+00,2025-06-13 00:16:12.87497+00,99f7fcb9-8b5e-4cdd-a371-35d9c2a8a200
452,b,11,2025-04-14 03:02:32.420597+00,2025-05-20 09:23:47.545473+00,604a9905-049d-4602-9495-86fa730795bf
381,z,29,2025-04-04 03:59:21.28572+00,2025-06-11 02:36:21.265396+00,9f27d136-09de-407f-b405-7120b2d55daa
384,g,120,2025-04-04 03:59:21.309913+00,2025-06-12 07:19:21.122265+00,9f27d136-09de-407f-b405-7120b2d55daa
465,z,5,2025-04-16 00:22:57.480202+00,2025-06-12 00:59:31.362888+00,604a9905-049d-4602-9495-86fa730795bf
469,c,21,2025-04-16 04:03:28.516295+00,2025-06-11 02:25:01.940685+00,99f7fcb9-8b5e-4cdd-a371-35d9c2a8a200
516,l,4,2025-04-24 09:52:28.123515+00,2025-04-24 09:52:28.123523+00,edad0f71-443d-4bfc-b366-c20a4a602029
474,c,4,2025-04-22 09:26:44.562235+00,2025-05-07 07:07:36.411679+00,6bdcd97d-6502-462a-84f1-b5d3afefa313
463,x,1,2025-04-16 00:09:39.074938+00,2025-04-16 00:09:39.074946+00,78d9548f-bbcf-4129-a8a7-e0a841a295b3
460,l,244,2025-04-15 00:59:00.226926+00,2025-06-12 06:44:37.600426+00,29a91abd-7963-46c8-96ff-3a074cf2d6f5
513,v,3,2025-04-24 09:48:43.299885+00,2025-04-24 09:48:43.299895+00,edad0f71-443d-4bfc-b366-c20a4a602029
464,v,18,2025-04-16 00:19:15.445367+00,2025-06-11 00:18:09.951884+00,575e0431-1085-4d49-9191-86fd4695b554
473,x,5,2025-04-22 02:23:35.372931+00,2025-05-22 02:43:26.002051+00,5f19c80d-8883-42f3-9257-f9f899f703d9
468,c,21,2025-04-16 00:41:17.859025+00,2025-06-12 07:23:10.321655+00,9f27d136-09de-407f-b405-7120b2d55daa
459,p,94,2025-04-15 00:59:00.202909+00,2025-06-12 06:39:54.781292+00,29a91abd-7963-46c8-96ff-3a074cf2d6f5
493,d,5,2025-04-24 07:57:58.266605+00,2025-05-08 09:53:11.291303+00,4bead440-ef99-437c-bb25-d2d290e6e753
501,r,15,2025-04-24 09:26:22.870863+00,2025-05-02 09:47:28.798085+00,edad0f71-443d-4bfc-b366-c20a4a602029
472,q,1,2025-04-17 09:22:04.804826+00,2025-04-17 09:22:04.804835+00,604a9905-049d-4602-9495-86fa730795bf
425,j,70,2025-04-09 08:56:18.641067+00,2025-05-20 00:19:57.211837+00,ff7cd6c3-bd30-42e3-987e-3fafeaea72e9
461,c,31,2025-04-15 07:44:30.628596+00,2025-06-11 05:54:24.049213+00,575e0431-1085-4d49-9191-86fd4695b554
462,v,26,2025-04-15 08:58:29.557193+00,2025-06-11 02:41:26.440605+00,5f19c80d-8883-42f3-9257-f9f899f703d9
485,r,5,2025-04-24 07:57:58.25548+00,2025-05-08 09:53:11.274203+00,4bead440-ef99-437c-bb25-d2d290e6e753
488,g,1,2025-04-24 07:57:58.259694+00,2025-04-24 07:57:58.259702+00,4bead440-ef99-437c-bb25-d2d290e6e753
489,j,3,2025-04-24 07:57:58.261074+00,2025-04-24 07:57:58.261082+00,4bead440-ef99-437c-bb25-d2d290e6e753
534,u,8,2025-04-25 06:28:57.741448+00,2025-04-25 06:28:57.74146+00,9f594f0c-d379-40f6-ba0a-4b5749625935
526,o,46,2025-04-25 06:25:03.081702+00,2025-06-03 03:54:03.341331+00,c37ef629-95ba-4554-b131-de014b0956c4
535,t,8,2025-04-25 06:28:57.74323+00,2025-04-25 06:28:57.743239+00,9f594f0c-d379-40f6-ba0a-4b5749625935
496,t,22,2025-04-24 09:26:22.863975+00,2025-05-02 09:33:28.530902+00,edad0f71-443d-4bfc-b366-c20a4a602029
499,i,27,2025-04-24 09:26:22.868088+00,2025-05-02 09:33:28.532197+00,edad0f71-443d-4bfc-b366-c20a4a602029
475,x,6,2025-04-22 11:06:17.304399+00,2025-05-23 00:02:15.131321+00,575e0431-1085-4d49-9191-86fd4695b554
536,n,9,2025-04-25 06:28:57.744595+00,2025-04-25 06:28:57.744604+00,9f594f0c-d379-40f6-ba0a-4b5749625935
537,i,9,2025-04-25 06:28:57.745941+00,2025-04-25 06:28:57.74595+00,9f594f0c-d379-40f6-ba0a-4b5749625935
492,m,4,2025-04-24 07:57:58.265236+00,2025-05-08 09:53:11.276061+00,4bead440-ef99-437c-bb25-d2d290e6e753
538,a,14,2025-04-25 06:28:57.747297+00,2025-04-25 06:28:57.747304+00,9f594f0c-d379-40f6-ba0a-4b5749625935
471,c,15,2025-04-17 09:12:06.681852+00,2025-05-23 00:20:20.202822+00,78d9548f-bbcf-4129-a8a7-e0a841a295b3
504,n,15,2025-04-24 09:26:22.874949+00,2025-05-02 09:33:28.533491+00,edad0f71-443d-4bfc-b366-c20a4a602029
506,o,18,2025-04-24 09:26:22.877653+00,2025-05-02 09:47:28.79249+00,edad0f71-443d-4bfc-b366-c20a4a602029
507,p,4,2025-04-24 09:26:22.879025+00,2025-05-02 09:26:45.110946+00,edad0f71-443d-4bfc-b366-c20a4a602029
509,h,17,2025-04-24 09:31:13.243398+00,2025-05-02 09:47:28.794171+00,edad0f71-443d-4bfc-b366-c20a4a602029
515,f,1,2025-04-24 09:52:28.116537+00,2025-04-24 09:52:28.116547+00,edad0f71-443d-4bfc-b366-c20a4a602029
451,c,224,2025-04-14 01:59:16.763159+00,2025-06-11 08:09:58.99126+00,7b341d92-c6ef-4d5d-bf17-6551f9842b9f
498,a,35,2025-04-24 09:26:22.866712+00,2025-05-02 09:47:28.795483+00,edad0f71-443d-4bfc-b366-c20a4a602029
512,g,5,2025-04-24 09:31:13.259647+00,2025-05-02 09:30:19.457057+00,edad0f71-443d-4bfc-b366-c20a4a602029
539,y,4,2025-04-25 06:28:57.748637+00,2025-04-25 06:28:57.748645+00,9f594f0c-d379-40f6-ba0a-4b5749625935
503,k,12,2025-04-24 09:26:22.873581+00,2025-05-02 09:47:28.796777+00,edad0f71-443d-4bfc-b366-c20a4a602029
500,u,15,2025-04-24 09:26:22.869451+00,2025-05-02 09:47:28.799389+00,edad0f71-443d-4bfc-b366-c20a4a602029
514,c,5,2025-04-24 09:48:43.31591+00,2025-04-24 09:52:28.119496+00,edad0f71-443d-4bfc-b366-c20a4a602029
497,d,7,2025-04-24 09:26:22.865345+00,2025-05-02 09:47:28.801961+00,edad0f71-443d-4bfc-b366-c20a4a602029
540,o,7,2025-04-25 06:28:57.749966+00,2025-04-25 06:28:57.749975+00,9f594f0c-d379-40f6-ba0a-4b5749625935
450,x,36,2025-04-14 01:10:49.060281+00,2025-06-11 08:49:33.963277+00,ff7cd6c3-bd30-42e3-987e-3fafeaea72e9
541,h,4,2025-04-25 06:28:57.751337+00,2025-04-25 06:28:57.751345+00,9f594f0c-d379-40f6-ba0a-4b5749625935
542,m,4,2025-04-25 06:28:57.752679+00,2025-04-25 06:28:57.752687+00,9f594f0c-d379-40f6-ba0a-4b5749625935
543,d,1,2025-04-25 06:28:57.75401+00,2025-04-25 06:28:57.754019+00,9f594f0c-d379-40f6-ba0a-4b5749625935
458,c,17,2025-04-14 09:41:44.240588+00,2025-05-30 10:09:35.939357+00,522f3d6d-e633-426b-bf51-b50dee27ec96
544,k,3,2025-04-25 06:28:57.755357+00,2025-04-25 06:28:57.755365+00,9f594f0c-d379-40f6-ba0a-4b5749625935
525,u,20,2025-04-25 06:25:03.080302+00,2025-06-03 03:54:03.342631+00,c37ef629-95ba-4554-b131-de014b0956c4
545,j,1,2025-04-25 06:28:57.756691+00,2025-04-25 06:28:57.756699+00,9f594f0c-d379-40f6-ba0a-4b5749625935
546,b,1,2025-04-25 06:28:57.758036+00,2025-04-25 06:28:57.758044+00,9f594f0c-d379-40f6-ba0a-4b5749625935
547,s,3,2025-04-25 06:28:57.759385+00,2025-04-25 06:28:57.759394+00,9f594f0c-d379-40f6-ba0a-4b5749625935
548,l,1,2025-04-25 06:28:57.760729+00,2025-04-25 06:28:57.760737+00,9f594f0c-d379-40f6-ba0a-4b5749625935
549,r,1,2025-04-25 06:28:57.762103+00,2025-04-25 06:28:57.762111+00,9f594f0c-d379-40f6-ba0a-4b5749625935
550,w,1,2025-04-25 06:28:57.763453+00,2025-04-25 06:28:57.763462+00,9f594f0c-d379-40f6-ba0a-4b5749625935
551,v,2,2025-04-25 06:28:57.764783+00,2025-04-25 06:28:57.764791+00,9f594f0c-d379-40f6-ba0a-4b5749625935
552,g,1,2025-04-25 06:28:57.766134+00,2025-04-25 06:28:57.766142+00,9f594f0c-d379-40f6-ba0a-4b5749625935
466,y,19,2025-04-16 00:22:57.50716+00,2025-06-12 00:59:31.375859+00,604a9905-049d-4602-9495-86fa730795bf
467,p,9,2025-04-16 00:22:57.509944+00,2025-05-29 10:32:18.22569+00,604a9905-049d-4602-9495-86fa730795bf
524,y,11,2025-04-25 06:25:03.078963+00,2025-06-03 03:54:03.345164+00,c37ef629-95ba-4554-b131-de014b0956c4
445,c,132,2025-04-14 01:07:31.567076+00,2025-06-12 10:44:49.835875+00,ff7cd6c3-bd30-42e3-987e-3fafeaea72e9
423,x,20,2025-04-09 08:31:15.5995+00,2025-06-11 07:58:37.234242+00,7b341d92-c6ef-4d5d-bf17-6551f9842b9f
518,h,11,2025-04-25 06:25:03.070811+00,2025-06-03 03:54:03.346446+00,c37ef629-95ba-4554-b131-de014b0956c4
517,c,8,2025-04-25 06:25:03.055962+00,2025-04-25 06:47:35.696175+00,c37ef629-95ba-4554-b131-de014b0956c4
482,o,9,2025-04-24 07:57:58.251332+00,2025-05-08 09:53:11.288036+00,4bead440-ef99-437c-bb25-d2d290e6e753
481,s,9,2025-04-24 07:57:58.249961+00,2025-05-08 09:53:11.289307+00,4bead440-ef99-437c-bb25-d2d290e6e753
531,d,6,2025-04-25 06:25:03.088309+00,2025-04-25 06:47:35.700008+00,c37ef629-95ba-4554-b131-de014b0956c4
479,t,5,2025-04-24 07:57:58.247161+00,2025-05-08 09:53:11.292575+00,4bead440-ef99-437c-bb25-d2d290e6e753
225,f,185,2025-04-02 01:40:56.693566+00,2025-06-12 05:20:41.860641+00,327e4006-267d-40b0-88bb-2c4e84cefcad
478,a,8,2025-04-24 07:57:58.2457+00,2025-05-08 09:53:11.293825+00,4bead440-ef99-437c-bb25-d2d290e6e753
495,e,20,2025-04-24 09:26:22.862524+00,2025-05-02 09:47:28.803288+00,edad0f71-443d-4bfc-b366-c20a4a602029
508,m,11,2025-04-24 09:26:22.880372+00,2025-05-02 09:47:28.80458+00,edad0f71-443d-4bfc-b366-c20a4a602029
484,h,5,2025-04-24 07:57:58.254092+00,2025-05-08 09:53:11.296467+00,4bead440-ef99-437c-bb25-d2d290e6e753
505,y,11,2025-04-24 09:26:22.876298+00,2025-05-02 09:30:19.467373+00,edad0f71-443d-4bfc-b366-c20a4a602029
483,i,6,2025-04-24 07:57:58.252701+00,2025-05-08 09:53:11.297744+00,4bead440-ef99-437c-bb25-d2d290e6e753
490,n,5,2025-04-24 07:57:58.26244+00,2025-05-08 09:53:11.298988+00,4bead440-ef99-437c-bb25-d2d290e6e753
491,e,7,2025-04-24 07:57:58.263823+00,2025-05-08 09:53:11.30023+00,4bead440-ef99-437c-bb25-d2d290e6e753
511,b,4,2025-04-24 09:31:13.258251+00,2025-05-02 09:30:19.471202+00,edad0f71-443d-4bfc-b366-c20a4a602029
480,c,3,2025-04-24 07:57:58.248559+00,2025-05-08 09:53:11.304555+00,4bead440-ef99-437c-bb25-d2d290e6e753
486,u,5,2025-04-24 07:57:58.25696+00,2025-05-08 09:53:11.306043+00,4bead440-ef99-437c-bb25-d2d290e6e753
487,w,3,2025-04-24 07:57:58.258329+00,2025-05-08 09:53:11.307303+00,4bead440-ef99-437c-bb25-d2d290e6e753
477,k,5,2025-04-24 07:57:58.231972+00,2025-05-08 09:53:11.309964+00,4bead440-ef99-437c-bb25-d2d290e6e753
476,f,7,2025-04-23 00:24:11.881925+00,2025-06-11 00:55:40.216445+00,9f27d136-09de-407f-b405-7120b2d55daa
470,x,7,2025-04-16 08:28:54.483366+00,2025-05-09 07:19:01.202532+00,522f3d6d-e633-426b-bf51-b50dee27ec96
523,n,41,2025-04-25 06:25:03.077622+00,2025-06-03 03:54:03.347702+00,c37ef629-95ba-4554-b131-de014b0956c4
527,k,10,2025-04-25 06:25:03.083023+00,2025-06-03 03:54:03.348962+00,c37ef629-95ba-4554-b131-de014b0956c4
560,s,16,2025-05-01 04:20:57.529437+00,2025-05-01 06:26:57.481113+00,7f773f81-a082-48e8-b3a0-f78f2c5e0bce
554,x,1,2025-04-25 06:40:56.89166+00,2025-04-25 06:40:56.891668+00,c37ef629-95ba-4554-b131-de014b0956c4
578,z,1,2025-05-01 06:26:57.527541+00,2025-05-01 06:26:57.527549+00,7f773f81-a082-48e8-b3a0-f78f2c5e0bce
573,w,6,2025-05-01 04:20:57.557082+00,2025-05-01 06:26:57.529159+00,7f773f81-a082-48e8-b3a0-f78f2c5e0bce
604,i,7,2025-05-01 08:45:46.154792+00,2025-05-01 08:50:17.761393+00,a3d72066-11b2-4d49-bdeb-6a4fc033df61
567,n,37,2025-05-01 04:20:57.548764+00,2025-05-01 06:31:04.158772+00,7f773f81-a082-48e8-b3a0-f78f2c5e0bce
568,e,17,2025-05-01 04:20:57.550152+00,2025-05-01 06:31:04.160434+00,7f773f81-a082-48e8-b3a0-f78f2c5e0bce
561,r,17,2025-05-01 04:20:57.540383+00,2025-05-01 06:31:04.161786+00,7f773f81-a082-48e8-b3a0-f78f2c5e0bce
576,d,19,2025-05-01 04:20:57.561186+00,2025-05-01 06:31:04.163374+00,7f773f81-a082-48e8-b3a0-f78f2c5e0bce
575,j,6,2025-05-01 04:20:57.559825+00,2025-05-01 06:31:04.164688+00,7f773f81-a082-48e8-b3a0-f78f2c5e0bce
563,i,35,2025-05-01 04:20:57.543251+00,2025-05-01 06:31:04.165978+00,7f773f81-a082-48e8-b3a0-f78f2c5e0bce
528,g,7,2025-04-25 06:25:03.084363+00,2025-04-25 06:47:35.679941+00,c37ef629-95ba-4554-b131-de014b0956c4
559,x,4,2025-04-30 07:52:01.056162+00,2025-05-29 00:55:47.834452+00,9f27d136-09de-407f-b405-7120b2d55daa
556,p,3,2025-04-25 06:44:24.960348+00,2025-04-25 06:47:35.687144+00,c37ef629-95ba-4554-b131-de014b0956c4
555,f,3,2025-04-25 06:40:56.89304+00,2025-04-25 06:47:35.688427+00,c37ef629-95ba-4554-b131-de014b0956c4
529,t,19,2025-04-25 06:25:03.085673+00,2025-06-03 03:54:03.343899+00,c37ef629-95ba-4554-b131-de014b0956c4
521,e,21,2025-04-25 06:25:03.07496+00,2025-06-03 03:54:03.350296+00,c37ef629-95ba-4554-b131-de014b0956c4
532,m,13,2025-04-25 06:25:03.089628+00,2025-04-25 06:47:35.698731+00,c37ef629-95ba-4554-b131-de014b0956c4
557,v,2,2025-04-25 06:47:35.70148+00,2025-04-25 06:47:35.701489+00,c37ef629-95ba-4554-b131-de014b0956c4
634,m,7,2025-05-01 08:54:07.282212+00,2025-05-27 01:19:38.233328+00,c25b8ad6-d958-4009-bfb3-f2bcf3b13afc
566,a,56,2025-05-01 04:20:57.547364+00,2025-05-01 06:31:04.167262+00,7f773f81-a082-48e8-b3a0-f78f2c5e0bce
574,g,10,2025-05-01 04:20:57.558453+00,2025-05-01 06:31:04.168609+00,7f773f81-a082-48e8-b3a0-f78f2c5e0bce
564,o,34,2025-05-01 04:20:57.54464+00,2025-05-01 06:31:04.169887+00,7f773f81-a082-48e8-b3a0-f78f2c5e0bce
569,k,27,2025-05-01 04:20:57.551621+00,2025-05-01 06:31:04.171178+00,7f773f81-a082-48e8-b3a0-f78f2c5e0bce
565,m,11,2025-05-01 04:20:57.545999+00,2025-05-01 06:31:04.172458+00,7f773f81-a082-48e8-b3a0-f78f2c5e0bce
570,t,20,2025-05-01 04:20:57.552989+00,2025-05-01 06:31:04.173757+00,7f773f81-a082-48e8-b3a0-f78f2c5e0bce
594,a,15,2025-05-01 08:45:46.140599+00,2025-05-01 08:50:17.763125+00,a3d72066-11b2-4d49-bdeb-6a4fc033df61
572,y,5,2025-05-01 04:20:57.555732+00,2025-05-01 06:31:04.17504+00,7f773f81-a082-48e8-b3a0-f78f2c5e0bce
571,u,20,2025-05-01 04:20:57.554348+00,2025-05-01 06:31:04.176316+00,7f773f81-a082-48e8-b3a0-f78f2c5e0bce
598,m,5,2025-05-01 08:45:46.146392+00,2025-05-01 08:50:17.764473+00,a3d72066-11b2-4d49-bdeb-6a4fc033df61
601,u,8,2025-05-01 08:45:46.150701+00,2025-05-01 08:50:17.765779+00,a3d72066-11b2-4d49-bdeb-6a4fc033df61
577,b,1,2025-05-01 04:24:56.316474+00,2025-05-01 04:24:56.316483+00,7f773f81-a082-48e8-b3a0-f78f2c5e0bce
562,h,7,2025-05-01 04:20:57.541871+00,2025-05-01 04:24:56.319381+00,7f773f81-a082-48e8-b3a0-f78f2c5e0bce
582,g,4,2025-05-01 08:44:57.693433+00,2025-05-01 08:44:57.693441+00,c01fdcec-4897-4e47-9d6d-eb2099c21db7
606,t,7,2025-05-01 08:45:46.157497+00,2025-05-01 08:50:17.767066+00,a3d72066-11b2-4d49-bdeb-6a4fc033df61
597,e,7,2025-05-01 08:45:46.145036+00,2025-05-01 08:50:17.76834+00,a3d72066-11b2-4d49-bdeb-6a4fc033df61
602,g,6,2025-05-01 08:45:46.15206+00,2025-05-01 08:50:17.769633+00,a3d72066-11b2-4d49-bdeb-6a4fc033df61
609,k,7,2025-05-01 08:45:46.161624+00,2025-05-01 08:50:17.770928+00,a3d72066-11b2-4d49-bdeb-6a4fc033df61
593,n,7,2025-05-01 08:45:46.139207+00,2025-05-01 08:50:17.772212+00,a3d72066-11b2-4d49-bdeb-6a4fc033df61
600,s,6,2025-05-01 08:45:46.149273+00,2025-05-01 08:50:17.773489+00,a3d72066-11b2-4d49-bdeb-6a4fc033df61
622,b,1,2025-05-01 08:50:17.774954+00,2025-05-01 08:50:17.774963+00,a3d72066-11b2-4d49-bdeb-6a4fc033df61
595,r,4,2025-05-01 08:45:46.141974+00,2025-05-01 08:50:17.776619+00,a3d72066-11b2-4d49-bdeb-6a4fc033df61
623,p,2,2025-05-01 08:50:17.77804+00,2025-05-01 08:50:17.778048+00,a3d72066-11b2-4d49-bdeb-6a4fc033df61
607,w,3,2025-05-01 08:45:46.158895+00,2025-05-01 08:50:17.779275+00,a3d72066-11b2-4d49-bdeb-6a4fc033df61
599,o,5,2025-05-01 08:45:46.147807+00,2025-05-01 08:50:17.780569+00,a3d72066-11b2-4d49-bdeb-6a4fc033df61
636,e,3,2025-05-01 09:45:00.241022+00,2025-05-01 09:45:00.241033+00,d4347a20-ea9c-432a-b15d-274cb1a7bdc5
637,g,3,2025-05-01 09:45:00.242439+00,2025-05-01 09:45:00.242447+00,d4347a20-ea9c-432a-b15d-274cb1a7bdc5
585,m,1,2025-05-01 08:44:57.69759+00,2025-05-01 08:44:57.697598+00,c01fdcec-4897-4e47-9d6d-eb2099c21db7
589,d,2,2025-05-01 08:44:57.703083+00,2025-05-01 08:44:57.703092+00,c01fdcec-4897-4e47-9d6d-eb2099c21db7
592,l,1,2025-05-01 08:45:46.137325+00,2025-05-01 08:45:46.137338+00,a3d72066-11b2-4d49-bdeb-6a4fc033df61
596,d,1,2025-05-01 08:45:46.14367+00,2025-05-01 08:45:46.143678+00,a3d72066-11b2-4d49-bdeb-6a4fc033df61
603,y,5,2025-05-01 08:45:46.153422+00,2025-05-01 08:45:46.153431+00,a3d72066-11b2-4d49-bdeb-6a4fc033df61
605,h,1,2025-05-01 08:45:46.156144+00,2025-05-01 08:45:46.156152+00,a3d72066-11b2-4d49-bdeb-6a4fc033df61
608,z,2,2025-05-01 08:45:46.160254+00,2025-05-01 08:45:46.160262+00,a3d72066-11b2-4d49-bdeb-6a4fc033df61
638,o,2,2025-05-01 09:45:00.243812+00,2025-05-01 09:45:00.24382+00,d4347a20-ea9c-432a-b15d-274cb1a7bdc5
530,z,6,2025-04-25 06:25:03.086981+00,2025-05-27 02:07:21.874118+00,c37ef629-95ba-4554-b131-de014b0956c4
639,n,2,2025-05-01 09:45:00.245167+00,2025-05-01 09:45:00.245175+00,d4347a20-ea9c-432a-b15d-274cb1a7bdc5
640,a,9,2025-05-01 09:45:00.24654+00,2025-05-01 09:45:00.246548+00,d4347a20-ea9c-432a-b15d-274cb1a7bdc5
641,d,2,2025-05-01 09:45:00.247922+00,2025-05-01 09:45:00.24793+00,d4347a20-ea9c-432a-b15d-274cb1a7bdc5
642,h,1,2025-05-01 09:45:00.249296+00,2025-05-01 09:45:00.249304+00,d4347a20-ea9c-432a-b15d-274cb1a7bdc5
643,i,3,2025-05-01 09:45:00.250665+00,2025-05-01 09:45:00.250674+00,d4347a20-ea9c-432a-b15d-274cb1a7bdc5
644,v,1,2025-05-01 09:45:00.252013+00,2025-05-01 09:45:00.252021+00,d4347a20-ea9c-432a-b15d-274cb1a7bdc5
629,b,1,2025-05-01 08:50:35.965812+00,2025-05-01 08:50:35.965821+00,c25b8ad6-d958-4009-bfb3-f2bcf3b13afc
581,o,9,2025-05-01 08:44:57.692065+00,2025-05-01 08:52:03.099091+00,c01fdcec-4897-4e47-9d6d-eb2099c21db7
630,h,2,2025-05-01 08:52:03.100965+00,2025-05-01 08:52:03.100976+00,c01fdcec-4897-4e47-9d6d-eb2099c21db7
588,u,5,2025-05-01 08:44:57.701712+00,2025-05-01 08:52:03.102587+00,c01fdcec-4897-4e47-9d6d-eb2099c21db7
586,k,7,2025-05-01 08:44:57.698964+00,2025-05-01 08:52:03.10388+00,c01fdcec-4897-4e47-9d6d-eb2099c21db7
584,i,14,2025-05-01 08:44:57.696194+00,2025-05-01 08:52:03.105156+00,c01fdcec-4897-4e47-9d6d-eb2099c21db7
590,r,4,2025-05-01 08:44:57.704459+00,2025-05-01 08:52:03.106434+00,c01fdcec-4897-4e47-9d6d-eb2099c21db7
580,a,13,2025-05-01 08:44:57.690648+00,2025-05-01 08:52:03.107733+00,c01fdcec-4897-4e47-9d6d-eb2099c21db7
587,t,7,2025-05-01 08:44:57.70033+00,2025-05-01 08:52:03.109189+00,c01fdcec-4897-4e47-9d6d-eb2099c21db7
579,n,6,2025-05-01 08:44:57.688759+00,2025-05-01 08:52:03.110461+00,c01fdcec-4897-4e47-9d6d-eb2099c21db7
631,s,1,2025-05-01 08:52:03.111963+00,2025-05-01 08:52:03.111972+00,c01fdcec-4897-4e47-9d6d-eb2099c21db7
591,e,3,2025-05-01 08:44:57.705835+00,2025-05-01 08:52:03.113229+00,c01fdcec-4897-4e47-9d6d-eb2099c21db7
632,c,1,2025-05-01 08:52:03.11466+00,2025-05-01 08:52:03.114669+00,c01fdcec-4897-4e47-9d6d-eb2099c21db7
583,z,4,2025-05-01 08:44:57.694818+00,2025-05-01 08:52:03.11589+00,c01fdcec-4897-4e47-9d6d-eb2099c21db7
633,y,3,2025-05-01 08:52:03.117298+00,2025-05-01 08:52:03.117307+00,c01fdcec-4897-4e47-9d6d-eb2099c21db7
553,l,5,2025-04-25 06:40:56.882237+00,2025-06-03 03:50:34.578652+00,c37ef629-95ba-4554-b131-de014b0956c4
519,i,20,2025-04-25 06:25:03.072281+00,2025-06-03 03:54:03.351584+00,c37ef629-95ba-4554-b131-de014b0956c4
611,a,59,2025-05-01 08:45:52.581448+00,2025-05-27 01:19:38.240229+00,c25b8ad6-d958-4009-bfb3-f2bcf3b13afc
522,a,17,2025-04-25 06:25:03.076301+00,2025-06-03 03:54:03.352845+00,c37ef629-95ba-4554-b131-de014b0956c4
614,r,21,2025-05-01 08:45:52.585596+00,2025-05-27 01:19:38.244085+00,c25b8ad6-d958-4009-bfb3-f2bcf3b13afc
520,s,14,2025-04-25 06:25:03.073633+00,2025-06-03 03:54:03.355373+00,c37ef629-95ba-4554-b131-de014b0956c4
624,d,5,2025-05-01 08:50:35.945595+00,2025-05-27 01:19:38.247931+00,c25b8ad6-d958-4009-bfb3-f2bcf3b13afc
617,e,33,2025-05-01 08:45:52.589775+00,2025-05-27 01:19:38.250517+00,c25b8ad6-d958-4009-bfb3-f2bcf3b13afc
626,y,4,2025-05-01 08:50:35.957787+00,2025-05-27 01:19:38.251781+00,c25b8ad6-d958-4009-bfb3-f2bcf3b13afc
625,w,12,2025-05-01 08:50:35.948603+00,2025-05-27 01:19:38.254428+00,c25b8ad6-d958-4009-bfb3-f2bcf3b13afc
635,f,1,2025-05-01 09:45:00.239095+00,2025-05-01 09:45:00.239111+00,d4347a20-ea9c-432a-b15d-274cb1a7bdc5
645,r,2,2025-05-01 09:45:00.253374+00,2025-05-01 09:45:00.253383+00,d4347a20-ea9c-432a-b15d-274cb1a7bdc5
646,l,2,2025-05-01 09:45:00.254746+00,2025-05-01 09:45:00.254754+00,d4347a20-ea9c-432a-b15d-274cb1a7bdc5
533,r,13,2025-04-25 06:25:03.090939+00,2025-06-03 03:54:03.356635+00,c37ef629-95ba-4554-b131-de014b0956c4
647,x,1,2025-05-01 09:45:00.256096+00,2025-05-01 09:45:00.256103+00,d4347a20-ea9c-432a-b15d-274cb1a7bdc5
648,u,1,2025-05-01 09:45:00.258135+00,2025-05-01 09:45:00.258143+00,d4347a20-ea9c-432a-b15d-274cb1a7bdc5
649,c,2,2025-05-01 09:45:00.259565+00,2025-05-01 09:45:00.259573+00,d4347a20-ea9c-432a-b15d-274cb1a7bdc5
650,t,1,2025-05-01 09:45:00.260927+00,2025-05-01 09:45:00.260935+00,d4347a20-ea9c-432a-b15d-274cb1a7bdc5
653,s,2,2025-05-02 04:09:12.66619+00,2025-05-02 04:09:12.666206+00,6a78fb78-70dc-45cf-a2a5-c9b8b8c91063
654,a,7,2025-05-02 04:09:12.668047+00,2025-05-02 04:09:12.668056+00,6a78fb78-70dc-45cf-a2a5-c9b8b8c91063
655,h,2,2025-05-02 04:09:12.669443+00,2025-05-02 04:09:12.669451+00,6a78fb78-70dc-45cf-a2a5-c9b8b8c91063
656,t,5,2025-05-02 04:09:12.670783+00,2025-05-02 04:09:12.670791+00,6a78fb78-70dc-45cf-a2a5-c9b8b8c91063
657,o,2,2025-05-02 04:09:12.672117+00,2025-05-02 04:09:12.672125+00,6a78fb78-70dc-45cf-a2a5-c9b8b8c91063
658,y,2,2025-05-02 04:09:12.673472+00,2025-05-02 04:09:12.67348+00,6a78fb78-70dc-45cf-a2a5-c9b8b8c91063
659,g,1,2025-05-02 04:09:12.674876+00,2025-05-02 04:09:12.674884+00,6a78fb78-70dc-45cf-a2a5-c9b8b8c91063
660,r,1,2025-05-02 04:09:12.676255+00,2025-05-02 04:09:12.676263+00,6a78fb78-70dc-45cf-a2a5-c9b8b8c91063
661,m,2,2025-05-02 04:09:12.677584+00,2025-05-02 04:09:12.677592+00,6a78fb78-70dc-45cf-a2a5-c9b8b8c91063
662,i,1,2025-05-02 04:09:12.678912+00,2025-05-02 04:09:12.67892+00,6a78fb78-70dc-45cf-a2a5-c9b8b8c91063
663,o,4,2025-05-02 06:26:00.427233+00,2025-05-02 06:26:00.427247+00,488c5963-9456-45f4-bc45-3d8118e79703
664,k,2,2025-05-02 06:26:00.429068+00,2025-05-02 06:26:00.429077+00,488c5963-9456-45f4-bc45-3d8118e79703
665,r,3,2025-05-02 06:26:00.430466+00,2025-05-02 06:26:00.430474+00,488c5963-9456-45f4-bc45-3d8118e79703
666,e,5,2025-05-02 06:26:00.431816+00,2025-05-02 06:26:00.431824+00,488c5963-9456-45f4-bc45-3d8118e79703
667,d,6,2025-05-02 06:26:00.433154+00,2025-05-02 06:26:00.433177+00,488c5963-9456-45f4-bc45-3d8118e79703
668,h,2,2025-05-02 06:26:00.434509+00,2025-05-02 06:26:00.434518+00,488c5963-9456-45f4-bc45-3d8118e79703
669,n,4,2025-05-02 06:26:00.43585+00,2025-05-02 06:26:00.435858+00,488c5963-9456-45f4-bc45-3d8118e79703
670,i,8,2025-05-02 06:26:00.437224+00,2025-05-02 06:26:00.437232+00,488c5963-9456-45f4-bc45-3d8118e79703
671,t,2,2025-05-02 06:26:00.438566+00,2025-05-02 06:26:00.438574+00,488c5963-9456-45f4-bc45-3d8118e79703
672,u,8,2025-05-02 06:26:00.439899+00,2025-05-02 06:26:00.439907+00,488c5963-9456-45f4-bc45-3d8118e79703
673,x,5,2025-05-02 06:26:00.441244+00,2025-05-02 06:26:00.441252+00,488c5963-9456-45f4-bc45-3d8118e79703
674,j,1,2025-05-02 06:26:00.442573+00,2025-05-02 06:26:00.442581+00,488c5963-9456-45f4-bc45-3d8118e79703
675,a,6,2025-05-02 06:26:00.443899+00,2025-05-02 06:26:00.443907+00,488c5963-9456-45f4-bc45-3d8118e79703
676,m,2,2025-05-02 06:26:00.445233+00,2025-05-02 06:26:00.445241+00,488c5963-9456-45f4-bc45-3d8118e79703
677,y,1,2025-05-02 06:26:00.446565+00,2025-05-02 06:26:00.446573+00,488c5963-9456-45f4-bc45-3d8118e79703
678,s,2,2025-05-02 06:26:00.447944+00,2025-05-02 06:26:00.447952+00,488c5963-9456-45f4-bc45-3d8118e79703
502,w,3,2025-04-24 09:26:22.872221+00,2025-05-02 09:22:22.784717+00,edad0f71-443d-4bfc-b366-c20a4a602029
697,b,2,2025-06-02 06:09:54.207674+00,2025-06-02 06:09:54.207682+00,c37ef629-95ba-4554-b131-de014b0956c4
612,t,12,2025-05-01 08:45:52.582856+00,2025-05-27 01:19:38.246645+00,c25b8ad6-d958-4009-bfb3-f2bcf3b13afc
628,j,5,2025-05-01 08:50:35.963117+00,2025-05-27 01:19:38.24923+00,c25b8ad6-d958-4009-bfb3-f2bcf3b13afc
510,z,6,2025-04-24 09:31:13.253026+00,2025-05-02 09:30:19.469918+00,edad0f71-443d-4bfc-b366-c20a4a602029
620,g,11,2025-05-01 08:45:52.593853+00,2025-05-27 01:19:38.253066+00,c25b8ad6-d958-4009-bfb3-f2bcf3b13afc
689,z,2,2025-05-22 01:12:28.026781+00,2025-05-23 01:03:46.345947+00,c25b8ad6-d958-4009-bfb3-f2bcf3b13afc
494,s,34,2025-04-24 09:26:22.860632+00,2025-05-02 09:47:28.800675+00,edad0f71-443d-4bfc-b366-c20a4a602029
690,f,2,2025-05-22 01:12:28.04071+00,2025-05-23 01:03:46.349872+00,c25b8ad6-d958-4009-bfb3-f2bcf3b13afc
691,x,1,2025-05-23 01:03:46.351536+00,2025-05-23 01:03:46.351544+00,c25b8ad6-d958-4009-bfb3-f2bcf3b13afc
710,e,3,2025-06-04 11:24:11.649504+00,2025-06-04 11:24:11.649513+00,1b30d901-6046-4fcc-8ea0-2869273bc2b7
694,c,1,2025-05-27 01:19:38.255893+00,2025-05-27 01:19:38.255916+00,c25b8ad6-d958-4009-bfb3-f2bcf3b13afc
682,l,2,2025-05-08 09:53:11.277797+00,2025-05-08 09:53:11.277807+00,4bead440-ef99-437c-bb25-d2d290e6e753
683,y,1,2025-05-08 09:53:11.295228+00,2025-05-08 09:53:11.295236+00,4bead440-ef99-437c-bb25-d2d290e6e753
684,b,2,2025-05-08 09:53:11.30192+00,2025-05-08 09:53:11.301928+00,4bead440-ef99-437c-bb25-d2d290e6e753
685,f,1,2025-05-08 09:53:11.303311+00,2025-05-08 09:53:11.303319+00,4bead440-ef99-437c-bb25-d2d290e6e753
686,v,2,2025-05-08 09:53:11.308732+00,2025-05-08 09:53:11.308741+00,4bead440-ef99-437c-bb25-d2d290e6e753
711,u,5,2025-06-04 11:24:11.650876+00,2025-06-04 11:24:11.650885+00,1b30d901-6046-4fcc-8ea0-2869273bc2b7
712,l,1,2025-06-04 11:24:11.652221+00,2025-06-04 11:24:11.652229+00,1b30d901-6046-4fcc-8ea0-2869273bc2b7
688,q,1,2025-05-14 10:07:38.595211+00,2025-05-14 10:07:38.595219+00,575e0431-1085-4d49-9191-86fd4695b554
651,q,3,2025-05-02 00:21:30.157259+00,2025-06-11 00:51:53.42384+00,9f27d136-09de-407f-b405-7120b2d55daa
696,w,2,2025-05-30 09:29:37.760152+00,2025-06-03 03:54:03.339621+00,c37ef629-95ba-4554-b131-de014b0956c4
695,j,4,2025-05-27 02:07:21.880687+00,2025-06-03 03:54:03.354099+00,c37ef629-95ba-4554-b131-de014b0956c4
263,p,114,2025-04-02 08:09:38.209488+00,2025-06-11 08:29:23.38599+00,7b341d92-c6ef-4d5d-bf17-6551f9842b9f
652,q,2,2025-05-02 00:58:02.526499+00,2025-05-21 09:01:40.731216+00,78d9548f-bbcf-4129-a8a7-e0a841a295b3
680,p,3,2025-05-07 07:07:36.417616+00,2025-06-11 08:35:41.874718+00,6bdcd97d-6502-462a-84f1-b5d3afefa313
687,q,3,2025-05-13 01:51:37.770777+00,2025-06-10 01:05:42.214161+00,ed7db178-e6d4-4007-8bbe-cd6781641ae6
713,v,1,2025-06-11 08:38:56.23312+00,2025-06-11 08:38:56.233131+00,6bdcd97d-6502-462a-84f1-b5d3afefa313
698,a,12,2025-06-04 11:24:11.611974+00,2025-06-04 11:24:11.611988+00,1b30d901-6046-4fcc-8ea0-2869273bc2b7
699,s,4,2025-06-04 11:24:11.634266+00,2025-06-04 11:24:11.634279+00,1b30d901-6046-4fcc-8ea0-2869273bc2b7
700,i,16,2025-06-04 11:24:11.635746+00,2025-06-04 11:24:11.635755+00,1b30d901-6046-4fcc-8ea0-2869273bc2b7
679,q,18,2025-05-07 05:48:55.399902+00,2025-06-12 06:44:37.604348+00,29a91abd-7963-46c8-96ff-3a074cf2d6f5
701,w,2,2025-06-04 11:24:11.63721+00,2025-06-04 11:24:11.637219+00,1b30d901-6046-4fcc-8ea0-2869273bc2b7
702,o,10,2025-06-04 11:24:11.63857+00,2025-06-04 11:24:11.638578+00,1b30d901-6046-4fcc-8ea0-2869273bc2b7
703,k,4,2025-06-04 11:24:11.639957+00,2025-06-04 11:24:11.639965+00,1b30d901-6046-4fcc-8ea0-2869273bc2b7
704,r,4,2025-06-04 11:24:11.641311+00,2025-06-04 11:24:11.64132+00,1b30d901-6046-4fcc-8ea0-2869273bc2b7
627,p,8,2025-05-01 08:50:35.961737+00,2025-05-27 01:15:45.427174+00,c25b8ad6-d958-4009-bfb3-f2bcf3b13afc
705,n,5,2025-06-04 11:24:11.642669+00,2025-06-04 11:24:11.642692+00,1b30d901-6046-4fcc-8ea0-2869273bc2b7
706,y,3,2025-06-04 11:24:11.644044+00,2025-06-04 11:24:11.644053+00,1b30d901-6046-4fcc-8ea0-2869273bc2b7
692,v,1,2025-05-27 01:15:45.436382+00,2025-05-27 01:15:45.43639+00,c25b8ad6-d958-4009-bfb3-f2bcf3b13afc
707,h,1,2025-06-04 11:24:11.645401+00,2025-06-04 11:24:11.64541+00,1b30d901-6046-4fcc-8ea0-2869273bc2b7
693,l,3,2025-05-27 01:15:45.445007+00,2025-05-27 01:15:45.445015+00,c25b8ad6-d958-4009-bfb3-f2bcf3b13afc
708,m,5,2025-06-04 11:24:11.646765+00,2025-06-04 11:24:11.646777+00,1b30d901-6046-4fcc-8ea0-2869273bc2b7
616,h,13,2025-05-01 08:45:52.588322+00,2025-05-27 01:19:38.235015+00,c25b8ad6-d958-4009-bfb3-f2bcf3b13afc
621,o,34,2025-05-01 08:45:52.59523+00,2025-05-27 01:19:38.23636+00,c25b8ad6-d958-4009-bfb3-f2bcf3b13afc
610,u,31,2025-05-01 08:45:52.579631+00,2025-05-27 01:19:38.237657+00,c25b8ad6-d958-4009-bfb3-f2bcf3b13afc
618,n,27,2025-05-01 08:45:52.591135+00,2025-05-27 01:19:38.238955+00,c25b8ad6-d958-4009-bfb3-f2bcf3b13afc
613,i,35,2025-05-01 08:45:52.584208+00,2025-05-27 01:19:38.241504+00,c25b8ad6-d958-4009-bfb3-f2bcf3b13afc
615,s,24,2025-05-01 08:45:52.586962+00,2025-05-27 01:19:38.242774+00,c25b8ad6-d958-4009-bfb3-f2bcf3b13afc
619,k,13,2025-05-01 08:45:52.592487+00,2025-05-27 01:19:38.245353+00,c25b8ad6-d958-4009-bfb3-f2bcf3b13afc
709,t,5,2025-06-04 11:24:11.648124+00,2025-06-04 11:24:11.648133+00,1b30d901-6046-4fcc-8ea0-2869273bc2b7
70,y,65,2025-04-02 01:34:06.451546+00,2025-06-12 07:19:21.104002+00,9f27d136-09de-407f-b405-7120b2d55daa
681,x,3,2025-05-07 08:54:07.245493+00,2025-05-30 10:09:44.942041+00,99f7fcb9-8b5e-4cdd-a371-35d9c2a8a200
131,w,71,2025-04-02 01:34:17.559623+00,2025-06-12 10:50:46.090588+00,5f19c80d-8883-42f3-9257-f9f899f703d9
558,f,8,2025-04-25 09:29:10.637531+00,2025-06-13 00:58:53.666648+00,eb06d3ea-4a70-462c-9f56-d5e1979eb96f
